song_id,audio_path,valence,arousal
2,data\raw\deam\audio\2.mp3,3.1,3.0
3,data\raw\deam\audio\3.mp3,3.5,3.3
4,data\raw\deam\audio\4.mp3,5.7,5.5
5,data\raw\deam\audio\5.mp3,4.4,5.3
7,data\raw\deam\audio\7.mp3,5.8,6.4
8,data\raw\deam\audio\8.mp3,3.2,4.8
10,data\raw\deam\audio\10.mp3,4.0,4.7
12,data\raw\deam\audio\12.mp3,5.5,5.8
13,data\raw\deam\audio\13.mp3,3.2,4.0
17,data\raw\deam\audio\17.mp3,4.4,6.0
18,data\raw\deam\audio\18.mp3,4.8,3.9
19,data\raw\deam\audio\19.mp3,5.9,4.3
20,data\raw\deam\audio\20.mp3,5.4,6.5
21,data\raw\deam\audio\21.mp3,6.6,6.3
22,data\raw\deam\audio\22.mp3,4.0,4.8
24,data\raw\deam\audio\24.mp3,5.3,3.9
25,data\raw\deam\audio\25.mp3,7.9,4.7
31,data\raw\deam\audio\31.mp3,4.7,3.8
32,data\raw\deam\audio\32.mp3,4.2,3.3
35,data\raw\deam\audio\35.mp3,4.8,6.5
37,data\raw\deam\audio\37.mp3,6.6,5.3
39,data\raw\deam\audio\39.mp3,7.3,5.4
40,data\raw\deam\audio\40.mp3,4.6,4.8
41,data\raw\deam\audio\41.mp3,4.3,5.1
42,data\raw\deam\audio\42.mp3,6.1,5.1
43,data\raw\deam\audio\43.mp3,6.7,3.5
44,data\raw\deam\audio\44.mp3,3.9,4.9
45,data\raw\deam\audio\45.mp3,5.1,2.1
46,data\raw\deam\audio\46.mp3,5.3,4.0
47,data\raw\deam\audio\47.mp3,4.4,4.4
48,data\raw\deam\audio\48.mp3,4.5,4.8
49,data\raw\deam\audio\49.mp3,3.9,5.3
50,data\raw\deam\audio\50.mp3,3.6,4.8
51,data\raw\deam\audio\51.mp3,3.6,3.2
52,data\raw\deam\audio\52.mp3,4.6,5.1
53,data\raw\deam\audio\53.mp3,4.3,5.1
54,data\raw\deam\audio\54.mp3,3.1,3.3
55,data\raw\deam\audio\55.mp3,5.8,5.4
56,data\raw\deam\audio\56.mp3,6.4,5.8
58,data\raw\deam\audio\58.mp3,3.3,3.4
59,data\raw\deam\audio\59.mp3,5.3,4.1
60,data\raw\deam\audio\60.mp3,4.3,6.4
62,data\raw\deam\audio\62.mp3,6.2,3.9
64,data\raw\deam\audio\64.mp3,3.6,4.9
65,data\raw\deam\audio\65.mp3,6.4,5.8
67,data\raw\deam\audio\67.mp3,7.2,6.8
68,data\raw\deam\audio\68.mp3,3.8,4.9
69,data\raw\deam\audio\69.mp3,3.2,3.9
70,data\raw\deam\audio\70.mp3,4.4,3.6
71,data\raw\deam\audio\71.mp3,5.9,3.7
72,data\raw\deam\audio\72.mp3,6.7,5.6
73,data\raw\deam\audio\73.mp3,5.8,5.6
74,data\raw\deam\audio\74.mp3,3.0,4.3
76,data\raw\deam\audio\76.mp3,4.3,3.2
77,data\raw\deam\audio\77.mp3,4.2,2.9
78,data\raw\deam\audio\78.mp3,3.4,3.9
79,data\raw\deam\audio\79.mp3,5.5,5.5
80,data\raw\deam\audio\80.mp3,6.0,5.1
81,data\raw\deam\audio\81.mp3,6.1,3.9
82,data\raw\deam\audio\82.mp3,2.9,3.5
83,data\raw\deam\audio\83.mp3,6.1,5.8
84,data\raw\deam\audio\84.mp3,5.9,5.6
85,data\raw\deam\audio\85.mp3,7.1,6.2
86,data\raw\deam\audio\86.mp3,5.4,5.6
87,data\raw\deam\audio\87.mp3,5.3,2.6
88,data\raw\deam\audio\88.mp3,6.7,5.5
89,data\raw\deam\audio\89.mp3,4.5,4.8
90,data\raw\deam\audio\90.mp3,4.3,4.2
91,data\raw\deam\audio\91.mp3,4.5,5.5
92,data\raw\deam\audio\92.mp3,5.8,4.7
93,data\raw\deam\audio\93.mp3,7.2,6.0
95,data\raw\deam\audio\95.mp3,3.3,4.6
96,data\raw\deam\audio\96.mp3,6.8,6.9
98,data\raw\deam\audio\98.mp3,4.3,2.7
99,data\raw\deam\audio\99.mp3,4.3,4.1
101,data\raw\deam\audio\101.mp3,3.4,2.8
102,data\raw\deam\audio\102.mp3,6.5,5.4
103,data\raw\deam\audio\103.mp3,5.6,3.3
104,data\raw\deam\audio\104.mp3,6.1,3.3
105,data\raw\deam\audio\105.mp3,6.5,5.0
106,data\raw\deam\audio\106.mp3,4.6,3.3
107,data\raw\deam\audio\107.mp3,6.0,4.8
108,data\raw\deam\audio\108.mp3,4.5,4.2
109,data\raw\deam\audio\109.mp3,4.4,4.5
110,data\raw\deam\audio\110.mp3,4.4,2.8
111,data\raw\deam\audio\111.mp3,5.3,5.3
112,data\raw\deam\audio\112.mp3,6.8,6.4
113,data\raw\deam\audio\113.mp3,5.4,3.8
114,data\raw\deam\audio\114.mp3,4.8,5.7
115,data\raw\deam\audio\115.mp3,8.4,7.8
116,data\raw\deam\audio\116.mp3,4.4,3.9
117,data\raw\deam\audio\117.mp3,3.9,5.0
118,data\raw\deam\audio\118.mp3,4.9,4.6
119,data\raw\deam\audio\119.mp3,4.3,3.2
120,data\raw\deam\audio\120.mp3,3.8,5.0
121,data\raw\deam\audio\121.mp3,3.1,3.9
122,data\raw\deam\audio\122.mp3,5.5,4.6
123,data\raw\deam\audio\123.mp3,6.1,6.2
124,data\raw\deam\audio\124.mp3,3.7,2.8
125,data\raw\deam\audio\125.mp3,4.5,4.2
126,data\raw\deam\audio\126.mp3,5.1,6.1
127,data\raw\deam\audio\127.mp3,3.0,5.3
128,data\raw\deam\audio\128.mp3,3.6,4.0
129,data\raw\deam\audio\129.mp3,4.2,6.0
130,data\raw\deam\audio\130.mp3,3.3,4.2
131,data\raw\deam\audio\131.mp3,6.1,4.9
133,data\raw\deam\audio\133.mp3,2.8,2.2
134,data\raw\deam\audio\134.mp3,5.4,6.0
135,data\raw\deam\audio\135.mp3,3.7,3.5
136,data\raw\deam\audio\136.mp3,6.8,6.2
137,data\raw\deam\audio\137.mp3,4.3,5.8
138,data\raw\deam\audio\138.mp3,3.8,2.4
140,data\raw\deam\audio\140.mp3,4.2,4.5
142,data\raw\deam\audio\142.mp3,4.6,4.8
143,data\raw\deam\audio\143.mp3,4.0,4.9
144,data\raw\deam\audio\144.mp3,3.4,4.7
145,data\raw\deam\audio\145.mp3,3.1,5.4
146,data\raw\deam\audio\146.mp3,2.4,3.5
148,data\raw\deam\audio\148.mp3,4.7,5.0
149,data\raw\deam\audio\149.mp3,3.4,3.1
150,data\raw\deam\audio\150.mp3,5.0,5.4
151,data\raw\deam\audio\151.mp3,4.0,4.5
152,data\raw\deam\audio\152.mp3,4.4,5.6
153,data\raw\deam\audio\153.mp3,3.9,4.5
154,data\raw\deam\audio\154.mp3,4.2,4.1
155,data\raw\deam\audio\155.mp3,3.6,5.4
156,data\raw\deam\audio\156.mp3,6.4,6.7
157,data\raw\deam\audio\157.mp3,4.0,6.2
158,data\raw\deam\audio\158.mp3,2.1,3.6
159,data\raw\deam\audio\159.mp3,3.8,3.1
160,data\raw\deam\audio\160.mp3,3.5,3.5
161,data\raw\deam\audio\161.mp3,6.3,3.5
162,data\raw\deam\audio\162.mp3,3.7,4.6
163,data\raw\deam\audio\163.mp3,3.6,4.5
164,data\raw\deam\audio\164.mp3,4.1,2.9
166,data\raw\deam\audio\166.mp3,3.1,4.2
167,data\raw\deam\audio\167.mp3,2.7,3.3
168,data\raw\deam\audio\168.mp3,3.3,3.4
169,data\raw\deam\audio\169.mp3,2.4,2.8
170,data\raw\deam\audio\170.mp3,3.0,5.0
171,data\raw\deam\audio\171.mp3,2.1,3.6
172,data\raw\deam\audio\172.mp3,3.8,5.0
173,data\raw\deam\audio\173.mp3,4.6,2.2
174,data\raw\deam\audio\174.mp3,4.0,3.8
175,data\raw\deam\audio\175.mp3,3.7,4.3
176,data\raw\deam\audio\176.mp3,2.4,3.9
177,data\raw\deam\audio\177.mp3,4.8,5.6
178,data\raw\deam\audio\178.mp3,2.8,3.7
179,data\raw\deam\audio\179.mp3,5.2,6.0
180,data\raw\deam\audio\180.mp3,4.8,5.9
181,data\raw\deam\audio\181.mp3,3.7,2.5
182,data\raw\deam\audio\182.mp3,2.2,3.7
184,data\raw\deam\audio\184.mp3,3.6,3.4
185,data\raw\deam\audio\185.mp3,4.9,4.6
186,data\raw\deam\audio\186.mp3,3.7,4.0
187,data\raw\deam\audio\187.mp3,2.5,3.7
188,data\raw\deam\audio\188.mp3,4.0,3.3
189,data\raw\deam\audio\189.mp3,6.5,7.1
190,data\raw\deam\audio\190.mp3,2.8,3.1
191,data\raw\deam\audio\191.mp3,5.1,6.3
192,data\raw\deam\audio\192.mp3,5.8,6.1
193,data\raw\deam\audio\193.mp3,4.1,3.0
194,data\raw\deam\audio\194.mp3,2.7,4.7
195,data\raw\deam\audio\195.mp3,4.2,2.7
196,data\raw\deam\audio\196.mp3,4.3,4.5
197,data\raw\deam\audio\197.mp3,2.2,2.8
198,data\raw\deam\audio\198.mp3,1.9,3.3
199,data\raw\deam\audio\199.mp3,5.3,5.7
201,data\raw\deam\audio\201.mp3,3.7,4.8
202,data\raw\deam\audio\202.mp3,4.6,5.2
203,data\raw\deam\audio\203.mp3,3.5,4.8
204,data\raw\deam\audio\204.mp3,3.6,2.2
205,data\raw\deam\audio\205.mp3,3.0,4.5
206,data\raw\deam\audio\206.mp3,2.3,2.6
207,data\raw\deam\audio\207.mp3,4.8,4.8
208,data\raw\deam\audio\208.mp3,4.8,6.5
209,data\raw\deam\audio\209.mp3,3.1,4.6
210,data\raw\deam\audio\210.mp3,4.2,5.5
211,data\raw\deam\audio\211.mp3,3.1,4.9
212,data\raw\deam\audio\212.mp3,4.6,5.4
213,data\raw\deam\audio\213.mp3,2.6,2.5
214,data\raw\deam\audio\214.mp3,3.6,4.1
215,data\raw\deam\audio\215.mp3,3.2,2.6
216,data\raw\deam\audio\216.mp3,4.5,5.3
217,data\raw\deam\audio\217.mp3,3.5,4.8
218,data\raw\deam\audio\218.mp3,2.9,4.0
219,data\raw\deam\audio\219.mp3,2.4,3.8
220,data\raw\deam\audio\220.mp3,4.1,3.4
221,data\raw\deam\audio\221.mp3,4.3,3.4
222,data\raw\deam\audio\222.mp3,3.8,4.3
223,data\raw\deam\audio\223.mp3,2.2,3.5
224,data\raw\deam\audio\224.mp3,5.5,5.7
225,data\raw\deam\audio\225.mp3,3.7,4.2
226,data\raw\deam\audio\226.mp3,4.9,5.0
227,data\raw\deam\audio\227.mp3,3.1,3.5
228,data\raw\deam\audio\228.mp3,3.5,4.0
229,data\raw\deam\audio\229.mp3,4.8,4.8
231,data\raw\deam\audio\231.mp3,4.1,5.6
232,data\raw\deam\audio\232.mp3,2.5,2.7
233,data\raw\deam\audio\233.mp3,4.7,4.5
234,data\raw\deam\audio\234.mp3,3.5,3.9
235,data\raw\deam\audio\235.mp3,3.0,3.7
236,data\raw\deam\audio\236.mp3,2.5,2.4
237,data\raw\deam\audio\237.mp3,4.2,3.9
238,data\raw\deam\audio\238.mp3,3.0,4.6
239,data\raw\deam\audio\239.mp3,2.3,3.3
240,data\raw\deam\audio\240.mp3,6.4,6.6
241,data\raw\deam\audio\241.mp3,4.1,4.6
242,data\raw\deam\audio\242.mp3,3.5,4.7
243,data\raw\deam\audio\243.mp3,7.2,4.1
244,data\raw\deam\audio\244.mp3,4.3,4.2
245,data\raw\deam\audio\245.mp3,4.2,6.1
246,data\raw\deam\audio\246.mp3,4.9,3.2
247,data\raw\deam\audio\247.mp3,3.9,4.5
248,data\raw\deam\audio\248.mp3,3.4,3.7
250,data\raw\deam\audio\250.mp3,3.4,3.6
253,data\raw\deam\audio\253.mp3,6.6,2.5
254,data\raw\deam\audio\254.mp3,5.3,7.4
257,data\raw\deam\audio\257.mp3,7.6,6.9
258,data\raw\deam\audio\258.mp3,4.3,4.3
260,data\raw\deam\audio\260.mp3,5.3,3.6
262,data\raw\deam\audio\262.mp3,5.6,6.9
264,data\raw\deam\audio\264.mp3,5.3,5.5
265,data\raw\deam\audio\265.mp3,4.5,6.4
266,data\raw\deam\audio\266.mp3,3.6,4.8
269,data\raw\deam\audio\269.mp3,4.3,4.8
270,data\raw\deam\audio\270.mp3,6.1,7.1
272,data\raw\deam\audio\272.mp3,5.9,6.4
273,data\raw\deam\audio\273.mp3,5.4,7.2
274,data\raw\deam\audio\274.mp3,7.7,6.0
275,data\raw\deam\audio\275.mp3,5.3,5.5
276,data\raw\deam\audio\276.mp3,6.1,5.3
278,data\raw\deam\audio\278.mp3,5.5,5.1
279,data\raw\deam\audio\279.mp3,3.6,4.7
280,data\raw\deam\audio\280.mp3,4.2,3.3
281,data\raw\deam\audio\281.mp3,5.4,7.0
282,data\raw\deam\audio\282.mp3,3.2,4.2
284,data\raw\deam\audio\284.mp3,4.4,5.2
285,data\raw\deam\audio\285.mp3,3.5,5.1
286,data\raw\deam\audio\286.mp3,5.7,6.9
288,data\raw\deam\audio\288.mp3,3.5,5.2
289,data\raw\deam\audio\289.mp3,5.7,6.7
290,data\raw\deam\audio\290.mp3,2.1,3.9
292,data\raw\deam\audio\292.mp3,7.3,7.4
293,data\raw\deam\audio\293.mp3,6.3,4.2
294,data\raw\deam\audio\294.mp3,5.5,6.5
296,data\raw\deam\audio\296.mp3,5.9,5.7
297,data\raw\deam\audio\297.mp3,3.1,3.6
298,data\raw\deam\audio\298.mp3,4.0,5.4
299,data\raw\deam\audio\299.mp3,2.8,4.3
300,data\raw\deam\audio\300.mp3,6.8,4.5
301,data\raw\deam\audio\301.mp3,3.2,3.7
302,data\raw\deam\audio\302.mp3,6.6,7.0
303,data\raw\deam\audio\303.mp3,7.0,6.4
304,data\raw\deam\audio\304.mp3,3.8,4.6
305,data\raw\deam\audio\305.mp3,6.4,6.8
306,data\raw\deam\audio\306.mp3,5.7,6.7
307,data\raw\deam\audio\307.mp3,6.1,6.8
308,data\raw\deam\audio\308.mp3,4.3,6.6
309,data\raw\deam\audio\309.mp3,5.3,5.8
310,data\raw\deam\audio\310.mp3,2.1,2.7
311,data\raw\deam\audio\311.mp3,5.8,6.9
312,data\raw\deam\audio\312.mp3,4.6,5.8
313,data\raw\deam\audio\313.mp3,3.6,5.3
314,data\raw\deam\audio\314.mp3,5.8,5.9
315,data\raw\deam\audio\315.mp3,6.4,7.5
316,data\raw\deam\audio\316.mp3,2.8,3.5
317,data\raw\deam\audio\317.mp3,6.1,4.3
318,data\raw\deam\audio\318.mp3,5.9,5.9
319,data\raw\deam\audio\319.mp3,4.5,6.6
320,data\raw\deam\audio\320.mp3,7.4,6.6
321,data\raw\deam\audio\321.mp3,7.3,6.0
322,data\raw\deam\audio\322.mp3,6.1,7.6
323,data\raw\deam\audio\323.mp3,4.82,5.73
324,data\raw\deam\audio\324.mp3,3.3,4.7
325,data\raw\deam\audio\325.mp3,5.5,5.4
326,data\raw\deam\audio\326.mp3,5.4,7.2
327,data\raw\deam\audio\327.mp3,6.0,7.1
328,data\raw\deam\audio\328.mp3,5.2,4.2
329,data\raw\deam\audio\329.mp3,3.3,4.2
330,data\raw\deam\audio\330.mp3,5.9,3.1
332,data\raw\deam\audio\332.mp3,5.5,6.9
333,data\raw\deam\audio\333.mp3,6.7,6.1
334,data\raw\deam\audio\334.mp3,5.9,5.9
335,data\raw\deam\audio\335.mp3,6.8,6.8
336,data\raw\deam\audio\336.mp3,6.1,6.6
338,data\raw\deam\audio\338.mp3,3.0,3.8
339,data\raw\deam\audio\339.mp3,5.9,6.9
340,data\raw\deam\audio\340.mp3,3.8,4.6
341,data\raw\deam\audio\341.mp3,3.8,4.4
342,data\raw\deam\audio\342.mp3,4.0,5.1
343,data\raw\deam\audio\343.mp3,7.0,8.1
344,data\raw\deam\audio\344.mp3,4.6,5.2
345,data\raw\deam\audio\345.mp3,7.2,6.5
346,data\raw\deam\audio\346.mp3,6.7,7.3
347,data\raw\deam\audio\347.mp3,3.82,5.82
348,data\raw\deam\audio\348.mp3,5.0,5.7
349,data\raw\deam\audio\349.mp3,4.6,5.8
350,data\raw\deam\audio\350.mp3,6.0,6.5
352,data\raw\deam\audio\352.mp3,5.5,4.5
353,data\raw\deam\audio\353.mp3,4.0,4.8
354,data\raw\deam\audio\354.mp3,7.1,6.4
355,data\raw\deam\audio\355.mp3,5.1,6.5
356,data\raw\deam\audio\356.mp3,4.6,5.6
357,data\raw\deam\audio\357.mp3,4.8,6.5
358,data\raw\deam\audio\358.mp3,5.6,4.2
359,data\raw\deam\audio\359.mp3,2.5,3.7
360,data\raw\deam\audio\360.mp3,2.5,5.5
361,data\raw\deam\audio\361.mp3,2.55,3.36
362,data\raw\deam\audio\362.mp3,4.0,5.9
364,data\raw\deam\audio\364.mp3,5.5,6.5
365,data\raw\deam\audio\365.mp3,6.0,7.1
366,data\raw\deam\audio\366.mp3,6.9,6.1
367,data\raw\deam\audio\367.mp3,3.1,2.7
368,data\raw\deam\audio\368.mp3,4.8,6.1
369,data\raw\deam\audio\369.mp3,2.9,3.4
370,data\raw\deam\audio\370.mp3,3.8,3.4
371,data\raw\deam\audio\371.mp3,5.2,6.6
372,data\raw\deam\audio\372.mp3,3.6,4.8
374,data\raw\deam\audio\374.mp3,7.0,4.9
375,data\raw\deam\audio\375.mp3,1.9,2.8
376,data\raw\deam\audio\376.mp3,5.0,5.9
378,data\raw\deam\audio\378.mp3,5.5,5.9
379,data\raw\deam\audio\379.mp3,1.9,2.9
380,data\raw\deam\audio\380.mp3,5.6,4.8
381,data\raw\deam\audio\381.mp3,6.0,6.7
383,data\raw\deam\audio\383.mp3,4.2,3.6
384,data\raw\deam\audio\384.mp3,3.6,4.1
386,data\raw\deam\audio\386.mp3,5.0,5.5
387,data\raw\deam\audio\387.mp3,6.2,6.2
390,data\raw\deam\audio\390.mp3,5.7,6.2
391,data\raw\deam\audio\391.mp3,5.5,6.1
392,data\raw\deam\audio\392.mp3,3.4,4.8
393,data\raw\deam\audio\393.mp3,6.0,6.4
395,data\raw\deam\audio\395.mp3,6.7,6.2
397,data\raw\deam\audio\397.mp3,7.0,7.0
399,data\raw\deam\audio\399.mp3,6.7,7.0
400,data\raw\deam\audio\400.mp3,5.1,5.6
401,data\raw\deam\audio\401.mp3,5.5,6.4
402,data\raw\deam\audio\402.mp3,7.1,7.1
403,data\raw\deam\audio\403.mp3,5.1,5.2
404,data\raw\deam\audio\404.mp3,6.9,6.8
405,data\raw\deam\audio\405.mp3,6.1,7.4
406,data\raw\deam\audio\406.mp3,5.3,4.3
407,data\raw\deam\audio\407.mp3,4.3,4.5
408,data\raw\deam\audio\408.mp3,6.6,6.1
410,data\raw\deam\audio\410.mp3,3.8,5.1
415,data\raw\deam\audio\415.mp3,6.0,5.2
416,data\raw\deam\audio\416.mp3,5.5,5.2
419,data\raw\deam\audio\419.mp3,3.3,4.0
420,data\raw\deam\audio\420.mp3,4.5,5.4
422,data\raw\deam\audio\422.mp3,2.8,3.7
423,data\raw\deam\audio\423.mp3,5.2,4.5
425,data\raw\deam\audio\425.mp3,7.1,6.8
426,data\raw\deam\audio\426.mp3,5.3,5.3
427,data\raw\deam\audio\427.mp3,5.2,5.8
428,data\raw\deam\audio\428.mp3,6.6,6.6
429,data\raw\deam\audio\429.mp3,3.3,4.3
430,data\raw\deam\audio\430.mp3,4.0,2.9
431,data\raw\deam\audio\431.mp3,6.1,5.5
432,data\raw\deam\audio\432.mp3,5.3,5.3
435,data\raw\deam\audio\435.mp3,4.5,5.9
436,data\raw\deam\audio\436.mp3,4.3,5.2
437,data\raw\deam\audio\437.mp3,5.2,4.3
440,data\raw\deam\audio\440.mp3,5.3,6.3
441,data\raw\deam\audio\441.mp3,4.6,5.1
442,data\raw\deam\audio\442.mp3,4.1,4.5
444,data\raw\deam\audio\444.mp3,2.3,2.5
445,data\raw\deam\audio\445.mp3,2.4,4.6
448,data\raw\deam\audio\448.mp3,6.7,6.5
449,data\raw\deam\audio\449.mp3,3.6,3.8
450,data\raw\deam\audio\450.mp3,4.1,5.0
451,data\raw\deam\audio\451.mp3,4.9,4.4
452,data\raw\deam\audio\452.mp3,5.45,6.75
453,data\raw\deam\audio\453.mp3,4.6,5.6
454,data\raw\deam\audio\454.mp3,5.0,4.8
455,data\raw\deam\audio\455.mp3,5.4,5.7
456,data\raw\deam\audio\456.mp3,6.1,2.3
458,data\raw\deam\audio\458.mp3,3.4,5.0
459,data\raw\deam\audio\459.mp3,6.3,6.1
460,data\raw\deam\audio\460.mp3,3.8,3.8
461,data\raw\deam\audio\461.mp3,4.8,4.4
462,data\raw\deam\audio\462.mp3,5.8,4.6
463,data\raw\deam\audio\463.mp3,5.0,5.7
464,data\raw\deam\audio\464.mp3,5.1,5.6
466,data\raw\deam\audio\466.mp3,6.6,5.9
467,data\raw\deam\audio\467.mp3,5.7,6.8
468,data\raw\deam\audio\468.mp3,3.6,3.4
469,data\raw\deam\audio\469.mp3,5.1,5.3
472,data\raw\deam\audio\472.mp3,6.5,5.2
473,data\raw\deam\audio\473.mp3,7.1,5.5
475,data\raw\deam\audio\475.mp3,5.6,5.0
477,data\raw\deam\audio\477.mp3,7.1,7.2
478,data\raw\deam\audio\478.mp3,2.8,3.2
479,data\raw\deam\audio\479.mp3,4.5,5.7
480,data\raw\deam\audio\480.mp3,2.7,4.1
481,data\raw\deam\audio\481.mp3,3.4,4.7
482,data\raw\deam\audio\482.mp3,1.9,3.5
484,data\raw\deam\audio\484.mp3,6.4,6.5
485,data\raw\deam\audio\485.mp3,2.6,3.7
486,data\raw\deam\audio\486.mp3,6.2,5.7
487,data\raw\deam\audio\487.mp3,4.5,5.3
488,data\raw\deam\audio\488.mp3,1.6,3.4
489,data\raw\deam\audio\489.mp3,4.6,5.2
490,data\raw\deam\audio\490.mp3,3.9,3.7
492,data\raw\deam\audio\492.mp3,4.4,4.8
493,data\raw\deam\audio\493.mp3,3.7,4.9
494,data\raw\deam\audio\494.mp3,3.7,4.1
496,data\raw\deam\audio\496.mp3,4.7,5.9
497,data\raw\deam\audio\497.mp3,6.2,5.7
498,data\raw\deam\audio\498.mp3,2.9,2.8
499,data\raw\deam\audio\499.mp3,3.6,3.6
500,data\raw\deam\audio\500.mp3,6.0,5.2
501,data\raw\deam\audio\501.mp3,2.5,4.4
502,data\raw\deam\audio\502.mp3,4.8,4.6
503,data\raw\deam\audio\503.mp3,5.8,6.4
504,data\raw\deam\audio\504.mp3,4.8,4.0
506,data\raw\deam\audio\506.mp3,2.9,4.1
507,data\raw\deam\audio\507.mp3,4.9,4.8
512,data\raw\deam\audio\512.mp3,5.1,5.4
513,data\raw\deam\audio\513.mp3,3.1,4.2
514,data\raw\deam\audio\514.mp3,4.3,5.8
515,data\raw\deam\audio\515.mp3,3.8,3.4
518,data\raw\deam\audio\518.mp3,4.1,3.4
519,data\raw\deam\audio\519.mp3,6.8,5.3
520,data\raw\deam\audio\520.mp3,4.0,5.5
521,data\raw\deam\audio\521.mp3,3.8,4.6
522,data\raw\deam\audio\522.mp3,3.5,2.7
523,data\raw\deam\audio\523.mp3,5.1,5.9
524,data\raw\deam\audio\524.mp3,3.3,4.0
525,data\raw\deam\audio\525.mp3,4.3,4.8
527,data\raw\deam\audio\527.mp3,4.0,5.7
529,data\raw\deam\audio\529.mp3,4.7,5.8
530,data\raw\deam\audio\530.mp3,3.3,3.5
535,data\raw\deam\audio\535.mp3,6.1,6.5
536,data\raw\deam\audio\536.mp3,5.1,4.5
537,data\raw\deam\audio\537.mp3,5.0,2.6
540,data\raw\deam\audio\540.mp3,4.1,4.4
544,data\raw\deam\audio\544.mp3,4.8,4.5
547,data\raw\deam\audio\547.mp3,3.4,4.8
550,data\raw\deam\audio\550.mp3,4.2,5.9
551,data\raw\deam\audio\551.mp3,3.2,4.0
554,data\raw\deam\audio\554.mp3,2.8,5.0
555,data\raw\deam\audio\555.mp3,5.2,4.8
556,data\raw\deam\audio\556.mp3,5.6,6.1
558,data\raw\deam\audio\558.mp3,2.8,3.2
560,data\raw\deam\audio\560.mp3,2.9,4.6
561,data\raw\deam\audio\561.mp3,6.9,7.0
564,data\raw\deam\audio\564.mp3,4.7,4.9
565,data\raw\deam\audio\565.mp3,3.1,3.0
568,data\raw\deam\audio\568.mp3,5.4,3.1
574,data\raw\deam\audio\574.mp3,4.5,4.8
577,data\raw\deam\audio\577.mp3,5.6,5.5
579,data\raw\deam\audio\579.mp3,3.1,3.2
580,data\raw\deam\audio\580.mp3,2.4,4.4
581,data\raw\deam\audio\581.mp3,5.3,6.0
582,data\raw\deam\audio\582.mp3,3.1,4.9
584,data\raw\deam\audio\584.mp3,2.5,2.4
585,data\raw\deam\audio\585.mp3,4.0,4.2
586,data\raw\deam\audio\586.mp3,5.2,5.9
591,data\raw\deam\audio\591.mp3,5.7,6.2
592,data\raw\deam\audio\592.mp3,5.45,5.09
594,data\raw\deam\audio\594.mp3,4.2,3.1
597,data\raw\deam\audio\597.mp3,4.8,6.4
598,data\raw\deam\audio\598.mp3,4.0,5.6
600,data\raw\deam\audio\600.mp3,3.5,4.0
605,data\raw\deam\audio\605.mp3,4.4,6.0
606,data\raw\deam\audio\606.mp3,4.1,5.6
607,data\raw\deam\audio\607.mp3,4.4,6.1
608,data\raw\deam\audio\608.mp3,2.9,3.8
609,data\raw\deam\audio\609.mp3,5.3,5.55
610,data\raw\deam\audio\610.mp3,6.3,6.5
611,data\raw\deam\audio\611.mp3,5.1,4.8
612,data\raw\deam\audio\612.mp3,5.6,6.6
613,data\raw\deam\audio\613.mp3,5.2,6.8
614,data\raw\deam\audio\614.mp3,4.3,3.7
615,data\raw\deam\audio\615.mp3,3.2,5.0
616,data\raw\deam\audio\616.mp3,3.5,5.0
617,data\raw\deam\audio\617.mp3,6.5,3.0
620,data\raw\deam\audio\620.mp3,5.8,4.4
621,data\raw\deam\audio\621.mp3,2.9,4.4
622,data\raw\deam\audio\622.mp3,4.5,5.0
623,data\raw\deam\audio\623.mp3,3.8,5.9
625,data\raw\deam\audio\625.mp3,3.1,4.4
628,data\raw\deam\audio\628.mp3,4.9,6.8
629,data\raw\deam\audio\629.mp3,7.4,7.6
631,data\raw\deam\audio\631.mp3,7.6,3.1
632,data\raw\deam\audio\632.mp3,4.2,5.4
634,data\raw\deam\audio\634.mp3,4.7,5.8
635,data\raw\deam\audio\635.mp3,6.6,7.6
637,data\raw\deam\audio\637.mp3,2.2,3.6
638,data\raw\deam\audio\638.mp3,3.2,4.4
639,data\raw\deam\audio\639.mp3,6.1,6.3
640,data\raw\deam\audio\640.mp3,7.6,7.8
643,data\raw\deam\audio\643.mp3,3.5,4.2
644,data\raw\deam\audio\644.mp3,4.3,5.6
645,data\raw\deam\audio\645.mp3,4.6,5.7
646,data\raw\deam\audio\646.mp3,3.1,3.8
647,data\raw\deam\audio\647.mp3,3.0,5.8
648,data\raw\deam\audio\648.mp3,5.1,6.8
649,data\raw\deam\audio\649.mp3,6.2,6.7
650,data\raw\deam\audio\650.mp3,6.0,4.2
651,data\raw\deam\audio\651.mp3,6.4,7.1
652,data\raw\deam\audio\652.mp3,3.2,4.3
653,data\raw\deam\audio\653.mp3,5.3,6.5
654,data\raw\deam\audio\654.mp3,5.1,4.4
656,data\raw\deam\audio\656.mp3,2.6,4.1
657,data\raw\deam\audio\657.mp3,5.1,5.6
658,data\raw\deam\audio\658.mp3,4.4,5.7
660,data\raw\deam\audio\660.mp3,2.1,2.8
661,data\raw\deam\audio\661.mp3,2.2,2.8
662,data\raw\deam\audio\662.mp3,5.9,5.1
663,data\raw\deam\audio\663.mp3,3.3,4.3
664,data\raw\deam\audio\664.mp3,7.0,6.6
665,data\raw\deam\audio\665.mp3,5.7,6.2
666,data\raw\deam\audio\666.mp3,5.3,5.0
667,data\raw\deam\audio\667.mp3,4.2,4.9
668,data\raw\deam\audio\668.mp3,5.0,5.3
671,data\raw\deam\audio\671.mp3,3.1,3.7
672,data\raw\deam\audio\672.mp3,4.4,6.3
673,data\raw\deam\audio\673.mp3,6.6,6.7
674,data\raw\deam\audio\674.mp3,6.8,7.4
675,data\raw\deam\audio\675.mp3,5.1,5.8
676,data\raw\deam\audio\676.mp3,6.6,6.6
677,data\raw\deam\audio\677.mp3,6.5,5.3
681,data\raw\deam\audio\681.mp3,4.9,6.6
682,data\raw\deam\audio\682.mp3,4.8,6.0
684,data\raw\deam\audio\684.mp3,4.3,4.9
685,data\raw\deam\audio\685.mp3,4.5,3.6
686,data\raw\deam\audio\686.mp3,3.4,5.5
687,data\raw\deam\audio\687.mp3,7.3,7.4
688,data\raw\deam\audio\688.mp3,4.3,5.0
689,data\raw\deam\audio\689.mp3,3.8,4.6
690,data\raw\deam\audio\690.mp3,2.4,4.4
691,data\raw\deam\audio\691.mp3,5.0,3.7
692,data\raw\deam\audio\692.mp3,6.9,6.1
693,data\raw\deam\audio\693.mp3,6.2,5.3
695,data\raw\deam\audio\695.mp3,5.9,6.2
696,data\raw\deam\audio\696.mp3,5.3,5.8
697,data\raw\deam\audio\697.mp3,4.8,5.8
698,data\raw\deam\audio\698.mp3,3.9,3.7
699,data\raw\deam\audio\699.mp3,3.7,4.5
700,data\raw\deam\audio\700.mp3,4.8,5.6
702,data\raw\deam\audio\702.mp3,7.5,3.3
703,data\raw\deam\audio\703.mp3,5.1,6.0
704,data\raw\deam\audio\704.mp3,4.1,4.2
706,data\raw\deam\audio\706.mp3,5.5,6.0
707,data\raw\deam\audio\707.mp3,3.2,3.1
708,data\raw\deam\audio\708.mp3,3.2,3.2
709,data\raw\deam\audio\709.mp3,5.8,5.0
710,data\raw\deam\audio\710.mp3,5.4,5.1
711,data\raw\deam\audio\711.mp3,2.9,3.1
712,data\raw\deam\audio\712.mp3,3.4,5.3
713,data\raw\deam\audio\713.mp3,4.9,6.3
714,data\raw\deam\audio\714.mp3,4.4,4.8
715,data\raw\deam\audio\715.mp3,2.9,4.3
717,data\raw\deam\audio\717.mp3,4.5,4.9
718,data\raw\deam\audio\718.mp3,5.9,6.5
719,data\raw\deam\audio\719.mp3,7.1,7.2
721,data\raw\deam\audio\721.mp3,5.7,5.5
722,data\raw\deam\audio\722.mp3,5.7,7.0
723,data\raw\deam\audio\723.mp3,6.5,7.2
724,data\raw\deam\audio\724.mp3,6.0,6.1
725,data\raw\deam\audio\725.mp3,5.1,5.1
726,data\raw\deam\audio\726.mp3,7.0,3.6
727,data\raw\deam\audio\727.mp3,4.3,4.5
728,data\raw\deam\audio\728.mp3,6.9,7.5
729,data\raw\deam\audio\729.mp3,6.4,3.5
730,data\raw\deam\audio\730.mp3,3.7,4.5
731,data\raw\deam\audio\731.mp3,7.3,5.8
732,data\raw\deam\audio\732.mp3,5.6,6.3
733,data\raw\deam\audio\733.mp3,4.3,5.0
734,data\raw\deam\audio\734.mp3,5.7,6.3
735,data\raw\deam\audio\735.mp3,4.3,4.9
736,data\raw\deam\audio\736.mp3,2.7,3.7
737,data\raw\deam\audio\737.mp3,4.1,4.9
738,data\raw\deam\audio\738.mp3,5.5,6.2
739,data\raw\deam\audio\739.mp3,6.2,6.9
740,data\raw\deam\audio\740.mp3,3.7,4.0
741,data\raw\deam\audio\741.mp3,4.6,4.4
742,data\raw\deam\audio\742.mp3,6.1,6.5
743,data\raw\deam\audio\743.mp3,3.1,5.0
744,data\raw\deam\audio\744.mp3,6.1,5.5
745,data\raw\deam\audio\745.mp3,4.2,1.6
746,data\raw\deam\audio\746.mp3,3.7,4.6
747,data\raw\deam\audio\747.mp3,3.6,4.9
748,data\raw\deam\audio\748.mp3,5.1,4.4
749,data\raw\deam\audio\749.mp3,4.2,4.9
750,data\raw\deam\audio\750.mp3,5.3,5.7
756,data\raw\deam\audio\756.mp3,5.9,6.8
757,data\raw\deam\audio\757.mp3,6.0,6.1
758,data\raw\deam\audio\758.mp3,4.8,5.9
759,data\raw\deam\audio\759.mp3,6.7,5.9
763,data\raw\deam\audio\763.mp3,3.5,5.5
764,data\raw\deam\audio\764.mp3,6.3,7.5
767,data\raw\deam\audio\767.mp3,5.2,6.5
769,data\raw\deam\audio\769.mp3,6.2,5.0
773,data\raw\deam\audio\773.mp3,4.5,4.7
775,data\raw\deam\audio\775.mp3,3.7,4.4
776,data\raw\deam\audio\776.mp3,3.5,4.5
777,data\raw\deam\audio\777.mp3,6.2,5.1
779,data\raw\deam\audio\779.mp3,2.8,5.3
780,data\raw\deam\audio\780.mp3,5.8,6.2
781,data\raw\deam\audio\781.mp3,4.9,6.3
782,data\raw\deam\audio\782.mp3,7.2,4.7
784,data\raw\deam\audio\784.mp3,4.7,5.7
787,data\raw\deam\audio\787.mp3,6.1,6.3
789,data\raw\deam\audio\789.mp3,3.9,5.2
790,data\raw\deam\audio\790.mp3,7.2,5.4
791,data\raw\deam\audio\791.mp3,2.7,4.6
794,data\raw\deam\audio\794.mp3,2.5,4.2
795,data\raw\deam\audio\795.mp3,2.2,3.5
796,data\raw\deam\audio\796.mp3,5.2,5.1
797,data\raw\deam\audio\797.mp3,4.9,5.4
798,data\raw\deam\audio\798.mp3,6.5,5.9
799,data\raw\deam\audio\799.mp3,4.1,5.6
800,data\raw\deam\audio\800.mp3,4.5,4.5
801,data\raw\deam\audio\801.mp3,3.3,3.5
804,data\raw\deam\audio\804.mp3,6.9,6.8
805,data\raw\deam\audio\805.mp3,2.2,3.5
806,data\raw\deam\audio\806.mp3,6.4,6.6
807,data\raw\deam\audio\807.mp3,4.8,6.5
808,data\raw\deam\audio\808.mp3,3.1,4.3
810,data\raw\deam\audio\810.mp3,6.5,6.6
811,data\raw\deam\audio\811.mp3,4.1,4.9
813,data\raw\deam\audio\813.mp3,6.2,6.7
814,data\raw\deam\audio\814.mp3,6.1,5.3
815,data\raw\deam\audio\815.mp3,5.5,5.9
818,data\raw\deam\audio\818.mp3,5.9,6.8
819,data\raw\deam\audio\819.mp3,4.0,5.7
820,data\raw\deam\audio\820.mp3,6.4,6.4
823,data\raw\deam\audio\823.mp3,4.8,4.8
824,data\raw\deam\audio\824.mp3,7.2,7.0
825,data\raw\deam\audio\825.mp3,4.1,5.7
826,data\raw\deam\audio\826.mp3,4.0,4.7
829,data\raw\deam\audio\829.mp3,2.3,4.5
830,data\raw\deam\audio\830.mp3,5.3,5.9
831,data\raw\deam\audio\831.mp3,5.2,6.2
833,data\raw\deam\audio\833.mp3,5.0,5.8
834,data\raw\deam\audio\834.mp3,4.7,4.3
836,data\raw\deam\audio\836.mp3,7.1,5.7
839,data\raw\deam\audio\839.mp3,5.7,4.4
841,data\raw\deam\audio\841.mp3,4.2,4.7
844,data\raw\deam\audio\844.mp3,3.8,3.4
845,data\raw\deam\audio\845.mp3,5.1,4.0
846,data\raw\deam\audio\846.mp3,6.0,5.5
848,data\raw\deam\audio\848.mp3,2.2,2.7
850,data\raw\deam\audio\850.mp3,3.6,3.1
851,data\raw\deam\audio\851.mp3,5.0,4.4
852,data\raw\deam\audio\852.mp3,4.5,4.7
854,data\raw\deam\audio\854.mp3,2.9,3.8
855,data\raw\deam\audio\855.mp3,2.9,4.5
856,data\raw\deam\audio\856.mp3,6.7,5.6
857,data\raw\deam\audio\857.mp3,4.9,5.3
858,data\raw\deam\audio\858.mp3,4.4,4.5
859,data\raw\deam\audio\859.mp3,3.6,5.1
860,data\raw\deam\audio\860.mp3,6.6,6.7
863,data\raw\deam\audio\863.mp3,6.4,7.0
864,data\raw\deam\audio\864.mp3,5.7,5.9
865,data\raw\deam\audio\865.mp3,2.8,4.6
866,data\raw\deam\audio\866.mp3,5.8,5.1
867,data\raw\deam\audio\867.mp3,5.8,6.5
869,data\raw\deam\audio\869.mp3,2.6,4.1
871,data\raw\deam\audio\871.mp3,6.4,6.0
872,data\raw\deam\audio\872.mp3,3.4,5.5
873,data\raw\deam\audio\873.mp3,6.8,7.0
874,data\raw\deam\audio\874.mp3,6.3,4.4
876,data\raw\deam\audio\876.mp3,6.3,6.7
879,data\raw\deam\audio\879.mp3,5.6,6.0
880,data\raw\deam\audio\880.mp3,4.9,3.8
882,data\raw\deam\audio\882.mp3,5.3,5.2
884,data\raw\deam\audio\884.mp3,5.5,5.0
886,data\raw\deam\audio\886.mp3,5.9,5.4
887,data\raw\deam\audio\887.mp3,5.1,5.6
889,data\raw\deam\audio\889.mp3,6.9,7.2
890,data\raw\deam\audio\890.mp3,3.6,4.7
891,data\raw\deam\audio\891.mp3,3.4,5.5
892,data\raw\deam\audio\892.mp3,3.9,2.9
893,data\raw\deam\audio\893.mp3,7.3,3.3
897,data\raw\deam\audio\897.mp3,4.9,4.3
898,data\raw\deam\audio\898.mp3,6.4,5.5
899,data\raw\deam\audio\899.mp3,5.3,6.3
902,data\raw\deam\audio\902.mp3,7.0,3.3
903,data\raw\deam\audio\903.mp3,5.9,5.6
904,data\raw\deam\audio\904.mp3,5.7,4.2
908,data\raw\deam\audio\908.mp3,5.5,4.9
909,data\raw\deam\audio\909.mp3,6.0,5.5
910,data\raw\deam\audio\910.mp3,7.0,6.6
911,data\raw\deam\audio\911.mp3,7.1,4.0
913,data\raw\deam\audio\913.mp3,4.8,3.3
915,data\raw\deam\audio\915.mp3,5.0,5.2
921,data\raw\deam\audio\921.mp3,5.9,6.1
924,data\raw\deam\audio\924.mp3,5.4,6.2
925,data\raw\deam\audio\925.mp3,4.9,5.7
926,data\raw\deam\audio\926.mp3,4.0,5.5
928,data\raw\deam\audio\928.mp3,5.0,4.0
931,data\raw\deam\audio\931.mp3,6.3,6.5
932,data\raw\deam\audio\932.mp3,4.5,4.9
934,data\raw\deam\audio\934.mp3,6.2,6.4
936,data\raw\deam\audio\936.mp3,5.4,4.7
938,data\raw\deam\audio\938.mp3,7.3,4.2
939,data\raw\deam\audio\939.mp3,6.2,2.7
941,data\raw\deam\audio\941.mp3,7.2,5.9
942,data\raw\deam\audio\942.mp3,4.8,4.1
944,data\raw\deam\audio\944.mp3,7.1,6.5
945,data\raw\deam\audio\945.mp3,2.3,2.8
949,data\raw\deam\audio\949.mp3,5.7,6.1
952,data\raw\deam\audio\952.mp3,4.2,3.7
954,data\raw\deam\audio\954.mp3,5.1,5.5
955,data\raw\deam\audio\955.mp3,3.8,5.6
956,data\raw\deam\audio\956.mp3,4.5,5.4
957,data\raw\deam\audio\957.mp3,2.8,4.7
958,data\raw\deam\audio\958.mp3,5.5,5.1
959,data\raw\deam\audio\959.mp3,6.2,6.4
960,data\raw\deam\audio\960.mp3,7.7,7.7
961,data\raw\deam\audio\961.mp3,5.6,5.5
962,data\raw\deam\audio\962.mp3,7.4,3.4
964,data\raw\deam\audio\964.mp3,7.6,7.0
967,data\raw\deam\audio\967.mp3,2.8,4.4
968,data\raw\deam\audio\968.mp3,3.8,3.2
970,data\raw\deam\audio\970.mp3,6.6,6.6
973,data\raw\deam\audio\973.mp3,6.5,4.6
974,data\raw\deam\audio\974.mp3,4.1,4.2
976,data\raw\deam\audio\976.mp3,6.2,5.9
977,data\raw\deam\audio\977.mp3,7.3,3.5
978,data\raw\deam\audio\978.mp3,7.7,6.1
979,data\raw\deam\audio\979.mp3,3.1,5.5
980,data\raw\deam\audio\980.mp3,5.8,4.3
981,data\raw\deam\audio\981.mp3,6.7,6.6
983,data\raw\deam\audio\983.mp3,4.8,6.3
985,data\raw\deam\audio\985.mp3,3.9,6.1
986,data\raw\deam\audio\986.mp3,5.8,4.5
987,data\raw\deam\audio\987.mp3,6.3,3.6
988,data\raw\deam\audio\988.mp3,5.4,5.9
989,data\raw\deam\audio\989.mp3,6.3,6.4
990,data\raw\deam\audio\990.mp3,6.0,6.1
991,data\raw\deam\audio\991.mp3,3.1,3.5
993,data\raw\deam\audio\993.mp3,4.4,3.8
994,data\raw\deam\audio\994.mp3,6.6,5.3
995,data\raw\deam\audio\995.mp3,4.7,2.4
996,data\raw\deam\audio\996.mp3,6.0,6.7
997,data\raw\deam\audio\997.mp3,6.4,6.7
999,data\raw\deam\audio\999.mp3,4.1,5.9
1000,data\raw\deam\audio\1000.mp3,6.8,5.6
1001,data\raw\deam\audio\1001.mp3,4.4,3.8
1002,data\raw\deam\audio\1002.mp3,4.5,3.2
1003,data\raw\deam\audio\1003.mp3,5.3,3.3
1004,data\raw\deam\audio\1004.mp3,3.8,4.7
1005,data\raw\deam\audio\1005.mp3,5.4,5.1
1006,data\raw\deam\audio\1006.mp3,4.6,4.4
1007,data\raw\deam\audio\1007.mp3,5.2,5.4
1008,data\raw\deam\audio\1008.mp3,6.0,5.4
1009,data\raw\deam\audio\1009.mp3,3.5,3.7
1010,data\raw\deam\audio\1010.mp3,6.5,6.5
1011,data\raw\deam\audio\1011.mp3,4.5,3.0
1012,data\raw\deam\audio\1012.mp3,4.3,2.9
1013,data\raw\deam\audio\1013.mp3,3.2,3.5
1014,data\raw\deam\audio\1014.mp3,4.9,4.5
1015,data\raw\deam\audio\1015.mp3,5.9,6.3
1016,data\raw\deam\audio\1016.mp3,3.3,1.9
1017,data\raw\deam\audio\1017.mp3,4.1,3.8
1018,data\raw\deam\audio\1018.mp3,3.7,2.5
1019,data\raw\deam\audio\1019.mp3,4.3,2.8
1020,data\raw\deam\audio\1020.mp3,3.4,2.5
1021,data\raw\deam\audio\1021.mp3,6.2,4.8
1022,data\raw\deam\audio\1022.mp3,3.3,3.3
1023,data\raw\deam\audio\1023.mp3,2.9,2.3
1024,data\raw\deam\audio\1024.mp3,3.2,2.9
1025,data\raw\deam\audio\1025.mp3,5.1,6.1
1026,data\raw\deam\audio\1026.mp3,3.7,2.8
1027,data\raw\deam\audio\1027.mp3,4.6,3.8
1028,data\raw\deam\audio\1028.mp3,4.5,4.8
1029,data\raw\deam\audio\1029.mp3,3.9,4.5
1030,data\raw\deam\audio\1030.mp3,5.7,5.2
1031,data\raw\deam\audio\1031.mp3,4.8,5.0
1032,data\raw\deam\audio\1032.mp3,3.3,4.1
1033,data\raw\deam\audio\1033.mp3,5.3,5.6
1034,data\raw\deam\audio\1034.mp3,3.3,2.8
1035,data\raw\deam\audio\1035.mp3,4.3,4.2
1036,data\raw\deam\audio\1036.mp3,4.8,3.0
1037,data\raw\deam\audio\1037.mp3,5.0,4.4
1038,data\raw\deam\audio\1038.mp3,5.0,4.1
1039,data\raw\deam\audio\1039.mp3,6.3,4.6
1040,data\raw\deam\audio\1040.mp3,6.2,5.3
1041,data\raw\deam\audio\1041.mp3,5.6,5.4
1042,data\raw\deam\audio\1042.mp3,5.0,4.3
1043,data\raw\deam\audio\1043.mp3,4.9,5.0
1044,data\raw\deam\audio\1044.mp3,7.1,6.1
1045,data\raw\deam\audio\1045.mp3,4.4,3.1
1046,data\raw\deam\audio\1046.mp3,5.6,5.0
1047,data\raw\deam\audio\1047.mp3,5.3,4.4
1048,data\raw\deam\audio\1048.mp3,5.0,6.7
1049,data\raw\deam\audio\1049.mp3,5.3,6.7
1050,data\raw\deam\audio\1050.mp3,6.0,5.8
1051,data\raw\deam\audio\1051.mp3,5.2,5.3
1052,data\raw\deam\audio\1052.mp3,5.5,6.6
1053,data\raw\deam\audio\1053.mp3,4.5,6.3
1054,data\raw\deam\audio\1054.mp3,3.7,6.3
1055,data\raw\deam\audio\1055.mp3,3.7,6.3
1056,data\raw\deam\audio\1056.mp3,4.2,5.0
1057,data\raw\deam\audio\1057.mp3,4.7,7.1
1058,data\raw\deam\audio\1058.mp3,4.0,5.8
1059,data\raw\deam\audio\1059.mp3,4.7,7.5
1060,data\raw\deam\audio\1060.mp3,5.2,6.1
1061,data\raw\deam\audio\1061.mp3,6.5,6.2
1062,data\raw\deam\audio\1062.mp3,4.1,4.3
1063,data\raw\deam\audio\1063.mp3,5.2,6.4
1064,data\raw\deam\audio\1064.mp3,5.2,7.1
1065,data\raw\deam\audio\1065.mp3,6.0,6.4
1066,data\raw\deam\audio\1066.mp3,6.1,5.5
1067,data\raw\deam\audio\1067.mp3,4.0,3.4
1068,data\raw\deam\audio\1068.mp3,5.9,5.3
1069,data\raw\deam\audio\1069.mp3,4.3,5.6
1070,data\raw\deam\audio\1070.mp3,5.2,5.8
1071,data\raw\deam\audio\1071.mp3,6.5,5.3
1072,data\raw\deam\audio\1072.mp3,6.3,5.5
1073,data\raw\deam\audio\1073.mp3,5.2,3.8
1074,data\raw\deam\audio\1074.mp3,6.8,6.4
1075,data\raw\deam\audio\1075.mp3,6.4,6.6
1076,data\raw\deam\audio\1076.mp3,6.0,5.0
1077,data\raw\deam\audio\1077.mp3,6.4,4.8
1078,data\raw\deam\audio\1078.mp3,6.8,6.0
1079,data\raw\deam\audio\1079.mp3,6.9,5.6
1080,data\raw\deam\audio\1080.mp3,6.0,5.0
1081,data\raw\deam\audio\1081.mp3,5.0,3.5
1082,data\raw\deam\audio\1082.mp3,6.7,6.4
1083,data\raw\deam\audio\1083.mp3,6.1,6.6
1084,data\raw\deam\audio\1084.mp3,5.1,3.4
1085,data\raw\deam\audio\1085.mp3,6.1,5.2
1086,data\raw\deam\audio\1086.mp3,5.9,4.3
1087,data\raw\deam\audio\1087.mp3,6.0,6.4
1088,data\raw\deam\audio\1088.mp3,7.3,6.6
1089,data\raw\deam\audio\1089.mp3,6.4,6.6
1090,data\raw\deam\audio\1090.mp3,5.6,6.6
1091,data\raw\deam\audio\1091.mp3,5.7,5.8
1092,data\raw\deam\audio\1092.mp3,5.8,6.3
1093,data\raw\deam\audio\1093.mp3,5.8,6.0
1094,data\raw\deam\audio\1094.mp3,6.4,6.3
1095,data\raw\deam\audio\1095.mp3,6.2,6.2
1096,data\raw\deam\audio\1096.mp3,3.8,3.6
1097,data\raw\deam\audio\1097.mp3,5.5,5.4
1098,data\raw\deam\audio\1098.mp3,6.8,6.3
1099,data\raw\deam\audio\1099.mp3,5.7,5.9
1100,data\raw\deam\audio\1100.mp3,6.3,5.6
1101,data\raw\deam\audio\1101.mp3,3.7,2.4
1102,data\raw\deam\audio\1102.mp3,2.3,4.5
1103,data\raw\deam\audio\1103.mp3,3.6,3.5
1104,data\raw\deam\audio\1104.mp3,4.2,4.4
1105,data\raw\deam\audio\1105.mp3,3.8,3.7
1106,data\raw\deam\audio\1106.mp3,3.0,3.9
1107,data\raw\deam\audio\1107.mp3,3.0,3.2
1108,data\raw\deam\audio\1108.mp3,4.8,3.7
1109,data\raw\deam\audio\1109.mp3,4.2,2.4
1110,data\raw\deam\audio\1110.mp3,5.1,5.4
1111,data\raw\deam\audio\1111.mp3,3.2,2.9
1112,data\raw\deam\audio\1112.mp3,3.1,2.3
1113,data\raw\deam\audio\1113.mp3,3.4,3.0
1114,data\raw\deam\audio\1114.mp3,3.4,3.3
1115,data\raw\deam\audio\1115.mp3,4.4,3.9
1116,data\raw\deam\audio\1116.mp3,5.7,3.0
1117,data\raw\deam\audio\1117.mp3,4.2,3.4
1118,data\raw\deam\audio\1118.mp3,4.0,1.9
1119,data\raw\deam\audio\1119.mp3,3.4,2.1
1120,data\raw\deam\audio\1120.mp3,3.4,2.8
1121,data\raw\deam\audio\1121.mp3,3.9,2.3
1122,data\raw\deam\audio\1122.mp3,6.8,5.4
1123,data\raw\deam\audio\1123.mp3,3.1,3.1
1124,data\raw\deam\audio\1124.mp3,5.4,5.1
1125,data\raw\deam\audio\1125.mp3,4.9,3.0
1126,data\raw\deam\audio\1126.mp3,3.9,3.2
1127,data\raw\deam\audio\1127.mp3,3.4,3.0
1128,data\raw\deam\audio\1128.mp3,3.7,2.7
1129,data\raw\deam\audio\1129.mp3,3.5,2.4
1130,data\raw\deam\audio\1130.mp3,3.8,3.1
1131,data\raw\deam\audio\1131.mp3,4.5,3.4
1132,data\raw\deam\audio\1132.mp3,4.6,3.4
1133,data\raw\deam\audio\1133.mp3,5.0,2.4
1134,data\raw\deam\audio\1134.mp3,4.1,2.1
1135,data\raw\deam\audio\1135.mp3,3.1,2.7
1136,data\raw\deam\audio\1136.mp3,4.5,3.4
1137,data\raw\deam\audio\1137.mp3,4.3,4.2
1138,data\raw\deam\audio\1138.mp3,4.4,3.7
1139,data\raw\deam\audio\1139.mp3,5.1,2.5
1140,data\raw\deam\audio\1140.mp3,5.9,5.4
1141,data\raw\deam\audio\1141.mp3,4.5,3.6
1142,data\raw\deam\audio\1142.mp3,3.2,2.1
1143,data\raw\deam\audio\1143.mp3,3.8,5.1
1144,data\raw\deam\audio\1144.mp3,3.7,4.6
1145,data\raw\deam\audio\1145.mp3,4.7,2.4
1146,data\raw\deam\audio\1146.mp3,2.6,3.4
1147,data\raw\deam\audio\1147.mp3,4.6,3.6
1148,data\raw\deam\audio\1148.mp3,3.4,3.0
1149,data\raw\deam\audio\1149.mp3,4.0,2.6
1150,data\raw\deam\audio\1150.mp3,4.1,2.3
1151,data\raw\deam\audio\1151.mp3,5.0,5.6
1152,data\raw\deam\audio\1152.mp3,6.1,5.6
1153,data\raw\deam\audio\1153.mp3,3.9,2.5
1154,data\raw\deam\audio\1154.mp3,3.9,4.4
1155,data\raw\deam\audio\1155.mp3,4.2,4.3
1156,data\raw\deam\audio\1156.mp3,7.0,5.6
1157,data\raw\deam\audio\1157.mp3,6.9,6.1
1158,data\raw\deam\audio\1158.mp3,6.2,6.2
1159,data\raw\deam\audio\1159.mp3,5.8,6.0
1160,data\raw\deam\audio\1160.mp3,6.4,5.4
1161,data\raw\deam\audio\1161.mp3,4.1,2.5
1162,data\raw\deam\audio\1162.mp3,3.6,3.8
1163,data\raw\deam\audio\1163.mp3,6.2,5.3
1164,data\raw\deam\audio\1164.mp3,3.6,3.1
1165,data\raw\deam\audio\1165.mp3,3.5,2.8
1166,data\raw\deam\audio\1166.mp3,4.6,3.3
1167,data\raw\deam\audio\1167.mp3,3.6,2.8
1168,data\raw\deam\audio\1168.mp3,4.4,3.3
1169,data\raw\deam\audio\1169.mp3,3.9,2.8
1170,data\raw\deam\audio\1170.mp3,3.1,2.1
1171,data\raw\deam\audio\1171.mp3,3.6,1.9
1172,data\raw\deam\audio\1172.mp3,3.9,2.5
1173,data\raw\deam\audio\1173.mp3,4.3,4.0
1174,data\raw\deam\audio\1174.mp3,3.6,3.3
1175,data\raw\deam\audio\1175.mp3,3.7,3.4
1176,data\raw\deam\audio\1176.mp3,4.9,2.7
1177,data\raw\deam\audio\1177.mp3,5.2,3.3
1178,data\raw\deam\audio\1178.mp3,4.9,4.5
1179,data\raw\deam\audio\1179.mp3,3.4,4.1
1180,data\raw\deam\audio\1180.mp3,3.3,2.6
1181,data\raw\deam\audio\1181.mp3,3.7,4.4
1182,data\raw\deam\audio\1182.mp3,2.7,2.2
1183,data\raw\deam\audio\1183.mp3,3.7,3.2
1184,data\raw\deam\audio\1184.mp3,4.2,2.3
1185,data\raw\deam\audio\1185.mp3,6.2,4.8
1186,data\raw\deam\audio\1186.mp3,3.7,1.9
1187,data\raw\deam\audio\1187.mp3,4.4,4.1
1188,data\raw\deam\audio\1188.mp3,4.7,3.3
1189,data\raw\deam\audio\1189.mp3,4.8,3.2
1190,data\raw\deam\audio\1190.mp3,3.5,2.2
1191,data\raw\deam\audio\1191.mp3,4.4,2.6
1192,data\raw\deam\audio\1192.mp3,3.7,2.9
1193,data\raw\deam\audio\1193.mp3,4.4,3.9
1194,data\raw\deam\audio\1194.mp3,3.4,2.5
1195,data\raw\deam\audio\1195.mp3,4.2,4.0
1196,data\raw\deam\audio\1196.mp3,3.8,2.7
1197,data\raw\deam\audio\1197.mp3,3.9,2.8
1198,data\raw\deam\audio\1198.mp3,3.5,1.8
1199,data\raw\deam\audio\1199.mp3,4.5,3.5
1200,data\raw\deam\audio\1200.mp3,3.2,3.6
1201,data\raw\deam\audio\1201.mp3,6.0,5.5
1202,data\raw\deam\audio\1202.mp3,4.1,2.7
1203,data\raw\deam\audio\1203.mp3,4.0,3.4
1204,data\raw\deam\audio\1204.mp3,6.6,5.5
1205,data\raw\deam\audio\1205.mp3,6.0,5.7
1206,data\raw\deam\audio\1206.mp3,5.1,5.8
1207,data\raw\deam\audio\1207.mp3,4.7,3.4
1208,data\raw\deam\audio\1208.mp3,6.2,4.6
1209,data\raw\deam\audio\1209.mp3,4.4,2.7
1210,data\raw\deam\audio\1210.mp3,3.8,2.4
1211,data\raw\deam\audio\1211.mp3,5.5,4.7
1212,data\raw\deam\audio\1212.mp3,3.5,2.7
1213,data\raw\deam\audio\1213.mp3,3.1,2.8
1214,data\raw\deam\audio\1214.mp3,6.2,5.3
1215,data\raw\deam\audio\1215.mp3,6.2,5.6
1216,data\raw\deam\audio\1216.mp3,5.5,5.3
1217,data\raw\deam\audio\1217.mp3,3.9,2.6
1218,data\raw\deam\audio\1218.mp3,3.9,4.1
1219,data\raw\deam\audio\1219.mp3,4.3,2.2
1220,data\raw\deam\audio\1220.mp3,3.6,2.2
1221,data\raw\deam\audio\1221.mp3,5.4,5.3
1222,data\raw\deam\audio\1222.mp3,4.1,3.2
1223,data\raw\deam\audio\1223.mp3,4.6,5.6
1224,data\raw\deam\audio\1224.mp3,6.2,6.8
1225,data\raw\deam\audio\1225.mp3,3.4,4.6
1226,data\raw\deam\audio\1226.mp3,3.9,3.8
1227,data\raw\deam\audio\1227.mp3,4.7,5.7
1228,data\raw\deam\audio\1228.mp3,5.4,3.3
1229,data\raw\deam\audio\1229.mp3,5.2,4.3
1230,data\raw\deam\audio\1230.mp3,5.3,3.7
1231,data\raw\deam\audio\1231.mp3,5.5,6.5
1232,data\raw\deam\audio\1232.mp3,6.9,6.3
1233,data\raw\deam\audio\1233.mp3,5.5,4.8
1234,data\raw\deam\audio\1234.mp3,4.6,3.0
1235,data\raw\deam\audio\1235.mp3,4.9,5.8
1236,data\raw\deam\audio\1236.mp3,4.5,4.9
1237,data\raw\deam\audio\1237.mp3,4.1,3.3
1238,data\raw\deam\audio\1238.mp3,5.5,5.1
1239,data\raw\deam\audio\1239.mp3,6.3,6.7
1240,data\raw\deam\audio\1240.mp3,2.7,2.6
1241,data\raw\deam\audio\1241.mp3,4.1,3.7
1242,data\raw\deam\audio\1242.mp3,4.7,4.3
1243,data\raw\deam\audio\1243.mp3,5.8,5.7
1244,data\raw\deam\audio\1244.mp3,4.6,3.7
1245,data\raw\deam\audio\1245.mp3,6.4,5.3
1246,data\raw\deam\audio\1246.mp3,4.5,3.1
1247,data\raw\deam\audio\1247.mp3,4.4,6.3
1248,data\raw\deam\audio\1248.mp3,3.7,3.0
1249,data\raw\deam\audio\1249.mp3,5.1,5.6
1250,data\raw\deam\audio\1250.mp3,7.0,7.4
1251,data\raw\deam\audio\1251.mp3,6.9,6.3
1252,data\raw\deam\audio\1252.mp3,5.2,5.1
1253,data\raw\deam\audio\1253.mp3,4.1,3.0
1254,data\raw\deam\audio\1254.mp3,4.7,6.2
1255,data\raw\deam\audio\1255.mp3,3.4,2.0
1256,data\raw\deam\audio\1256.mp3,5.7,5.5
1257,data\raw\deam\audio\1257.mp3,5.0,3.8
1258,data\raw\deam\audio\1258.mp3,5.7,5.6
1259,data\raw\deam\audio\1259.mp3,3.6,2.8
1260,data\raw\deam\audio\1260.mp3,7.2,6.5
1261,data\raw\deam\audio\1261.mp3,3.8,3.1
1262,data\raw\deam\audio\1262.mp3,4.5,4.8
1263,data\raw\deam\audio\1263.mp3,5.8,5.1
1264,data\raw\deam\audio\1264.mp3,4.6,3.6
1265,data\raw\deam\audio\1265.mp3,5.8,5.5
1266,data\raw\deam\audio\1266.mp3,5.6,5.1
1267,data\raw\deam\audio\1267.mp3,4.5,3.7
1268,data\raw\deam\audio\1268.mp3,5.3,3.7
1269,data\raw\deam\audio\1269.mp3,3.5,4.4
1270,data\raw\deam\audio\1270.mp3,4.6,5.3
1271,data\raw\deam\audio\1271.mp3,4.6,4.7
1272,data\raw\deam\audio\1272.mp3,4.0,3.2
1273,data\raw\deam\audio\1273.mp3,4.8,5.6
1274,data\raw\deam\audio\1274.mp3,6.0,5.4
1275,data\raw\deam\audio\1275.mp3,3.5,2.8
1276,data\raw\deam\audio\1276.mp3,4.8,5.5
1277,data\raw\deam\audio\1277.mp3,2.9,2.2
1278,data\raw\deam\audio\1278.mp3,5.1,4.1
1279,data\raw\deam\audio\1279.mp3,5.6,4.2
1280,data\raw\deam\audio\1280.mp3,5.9,5.4
1281,data\raw\deam\audio\1281.mp3,5.4,4.5
1282,data\raw\deam\audio\1282.mp3,6.8,6.4
1283,data\raw\deam\audio\1283.mp3,3.3,5.2
1284,data\raw\deam\audio\1284.mp3,6.3,6.6
1285,data\raw\deam\audio\1285.mp3,5.1,4.9
1286,data\raw\deam\audio\1286.mp3,3.8,3.0
1287,data\raw\deam\audio\1287.mp3,4.5,4.3
1288,data\raw\deam\audio\1288.mp3,5.2,3.4
1289,data\raw\deam\audio\1289.mp3,5.0,4.4
1290,data\raw\deam\audio\1290.mp3,6.6,6.6
1291,data\raw\deam\audio\1291.mp3,3.6,2.5
1292,data\raw\deam\audio\1292.mp3,5.6,5.2
1293,data\raw\deam\audio\1293.mp3,5.7,5.1
1294,data\raw\deam\audio\1294.mp3,5.9,5.5
1295,data\raw\deam\audio\1295.mp3,6.9,6.4
1296,data\raw\deam\audio\1296.mp3,5.0,5.9
1297,data\raw\deam\audio\1297.mp3,4.8,3.7
1298,data\raw\deam\audio\1298.mp3,6.9,5.6
1299,data\raw\deam\audio\1299.mp3,4.5,4.7
1300,data\raw\deam\audio\1300.mp3,6.0,4.5
1301,data\raw\deam\audio\1301.mp3,4.4,2.8
1302,data\raw\deam\audio\1302.mp3,4.4,3.8
1303,data\raw\deam\audio\1303.mp3,6.1,6.5
1304,data\raw\deam\audio\1304.mp3,5.2,6.3
1305,data\raw\deam\audio\1305.mp3,4.7,6.2
1306,data\raw\deam\audio\1306.mp3,5.3,5.3
1307,data\raw\deam\audio\1307.mp3,5.1,5.4
1308,data\raw\deam\audio\1308.mp3,5.8,5.3
1309,data\raw\deam\audio\1309.mp3,6.5,7.4
1310,data\raw\deam\audio\1310.mp3,5.1,4.4
1311,data\raw\deam\audio\1311.mp3,4.1,3.5
1312,data\raw\deam\audio\1312.mp3,5.3,4.0
1313,data\raw\deam\audio\1313.mp3,4.2,3.0
1314,data\raw\deam\audio\1314.mp3,4.1,4.1
1315,data\raw\deam\audio\1315.mp3,7.0,6.4
1316,data\raw\deam\audio\1316.mp3,5.2,4.0
1317,data\raw\deam\audio\1317.mp3,5.3,6.2
1318,data\raw\deam\audio\1318.mp3,4.8,4.3
1319,data\raw\deam\audio\1319.mp3,6.5,5.6
1320,data\raw\deam\audio\1320.mp3,3.8,6.5
1321,data\raw\deam\audio\1321.mp3,4.5,5.7
1322,data\raw\deam\audio\1322.mp3,6.5,5.5
1323,data\raw\deam\audio\1323.mp3,5.5,5.0
1324,data\raw\deam\audio\1324.mp3,6.1,6.7
1325,data\raw\deam\audio\1325.mp3,5.9,5.8
1326,data\raw\deam\audio\1326.mp3,6.1,5.0
1327,data\raw\deam\audio\1327.mp3,5.5,2.8
1328,data\raw\deam\audio\1328.mp3,4.4,2.7
1329,data\raw\deam\audio\1329.mp3,5.3,4.2
1330,data\raw\deam\audio\1330.mp3,5.7,7.2
1331,data\raw\deam\audio\1331.mp3,5.3,4.4
1332,data\raw\deam\audio\1332.mp3,2.5,2.3
1333,data\raw\deam\audio\1333.mp3,4.5,5.7
1334,data\raw\deam\audio\1334.mp3,3.8,7.8
1335,data\raw\deam\audio\1335.mp3,5.4,5.6
1336,data\raw\deam\audio\1336.mp3,3.6,2.7
1337,data\raw\deam\audio\1337.mp3,5.0,6.5
1338,data\raw\deam\audio\1338.mp3,6.2,6.4
1339,data\raw\deam\audio\1339.mp3,7.2,6.8
1340,data\raw\deam\audio\1340.mp3,6.4,5.7
1341,data\raw\deam\audio\1341.mp3,3.5,3.2
1342,data\raw\deam\audio\1342.mp3,6.5,6.4
1343,data\raw\deam\audio\1343.mp3,6.0,5.4
1344,data\raw\deam\audio\1344.mp3,6.3,5.5
1345,data\raw\deam\audio\1345.mp3,4.5,2.9
1346,data\raw\deam\audio\1346.mp3,6.5,5.6
1347,data\raw\deam\audio\1347.mp3,4.6,4.0
1348,data\raw\deam\audio\1348.mp3,5.8,6.3
1349,data\raw\deam\audio\1349.mp3,5.2,5.2
1350,data\raw\deam\audio\1350.mp3,4.0,2.6
1351,data\raw\deam\audio\1351.mp3,6.3,5.9
1352,data\raw\deam\audio\1352.mp3,6.7,6.4
1353,data\raw\deam\audio\1353.mp3,5.3,6.4
1354,data\raw\deam\audio\1354.mp3,4.6,2.0
1355,data\raw\deam\audio\1355.mp3,6.3,3.8
1356,data\raw\deam\audio\1356.mp3,5.2,5.2
1357,data\raw\deam\audio\1357.mp3,4.5,6.0
1358,data\raw\deam\audio\1358.mp3,6.0,6.0
1359,data\raw\deam\audio\1359.mp3,3.6,3.4
1360,data\raw\deam\audio\1360.mp3,5.5,2.9
1361,data\raw\deam\audio\1361.mp3,4.4,2.5
1362,data\raw\deam\audio\1362.mp3,4.4,5.4
1363,data\raw\deam\audio\1363.mp3,5.1,3.6
1364,data\raw\deam\audio\1364.mp3,4.3,6.2
1365,data\raw\deam\audio\1365.mp3,6.5,6.4
1366,data\raw\deam\audio\1366.mp3,5.4,6.3
1367,data\raw\deam\audio\1367.mp3,7.1,7.2
1368,data\raw\deam\audio\1368.mp3,3.4,3.3
1369,data\raw\deam\audio\1369.mp3,6.8,6.6
1370,data\raw\deam\audio\1370.mp3,4.3,4.1
1371,data\raw\deam\audio\1371.mp3,5.7,5.4
1372,data\raw\deam\audio\1372.mp3,4.8,5.2
1373,data\raw\deam\audio\1373.mp3,6.6,5.7
1374,data\raw\deam\audio\1374.mp3,6.0,4.1
1375,data\raw\deam\audio\1375.mp3,5.6,5.6
1376,data\raw\deam\audio\1376.mp3,7.0,6.6
1377,data\raw\deam\audio\1377.mp3,3.7,3.1
1378,data\raw\deam\audio\1378.mp3,5.5,5.7
1379,data\raw\deam\audio\1379.mp3,5.8,5.7
1380,data\raw\deam\audio\1380.mp3,4.1,4.5
1381,data\raw\deam\audio\1381.mp3,6.1,7.1
1382,data\raw\deam\audio\1382.mp3,4.8,4.7
1383,data\raw\deam\audio\1383.mp3,5.6,3.0
1384,data\raw\deam\audio\1384.mp3,5.8,5.4
1385,data\raw\deam\audio\1385.mp3,6.0,6.0
1386,data\raw\deam\audio\1386.mp3,5.9,5.0
1387,data\raw\deam\audio\1387.mp3,6.1,4.5
1388,data\raw\deam\audio\1388.mp3,6.8,7.8
1389,data\raw\deam\audio\1389.mp3,4.2,3.3
1390,data\raw\deam\audio\1390.mp3,6.1,6.3
1391,data\raw\deam\audio\1391.mp3,4.3,5.7
1392,data\raw\deam\audio\1392.mp3,6.2,6.7
1393,data\raw\deam\audio\1393.mp3,6.2,4.1
1394,data\raw\deam\audio\1394.mp3,6.0,4.1
1395,data\raw\deam\audio\1395.mp3,4.7,3.5
1396,data\raw\deam\audio\1396.mp3,6.1,6.0
1397,data\raw\deam\audio\1397.mp3,4.3,3.3
1398,data\raw\deam\audio\1398.mp3,6.9,7.6
1399,data\raw\deam\audio\1399.mp3,6.1,6.4
1400,data\raw\deam\audio\1400.mp3,5.6,5.8
1401,data\raw\deam\audio\1401.mp3,5.8,5.3
1402,data\raw\deam\audio\1402.mp3,5.6,2.5
1403,data\raw\deam\audio\1403.mp3,5.6,5.1
1404,data\raw\deam\audio\1404.mp3,3.8,2.7
1405,data\raw\deam\audio\1405.mp3,3.7,2.2
1406,data\raw\deam\audio\1406.mp3,3.9,3.7
1407,data\raw\deam\audio\1407.mp3,3.6,3.8
1408,data\raw\deam\audio\1408.mp3,4.2,5.0
1409,data\raw\deam\audio\1409.mp3,4.9,3.7
1410,data\raw\deam\audio\1410.mp3,6.0,4.4
1411,data\raw\deam\audio\1411.mp3,3.9,2.7
1412,data\raw\deam\audio\1412.mp3,4.6,3.2
1413,data\raw\deam\audio\1413.mp3,4.3,4.1
1414,data\raw\deam\audio\1414.mp3,3.7,4.0
1415,data\raw\deam\audio\1415.mp3,5.7,4.7
1416,data\raw\deam\audio\1416.mp3,4.4,2.7
1417,data\raw\deam\audio\1417.mp3,4.6,2.4
1418,data\raw\deam\audio\1418.mp3,4.3,3.8
1419,data\raw\deam\audio\1419.mp3,3.7,2.5
1420,data\raw\deam\audio\1420.mp3,4.8,3.1
1421,data\raw\deam\audio\1421.mp3,4.2,3.2
1422,data\raw\deam\audio\1422.mp3,4.1,2.8
1423,data\raw\deam\audio\1423.mp3,4.2,5.5
1424,data\raw\deam\audio\1424.mp3,4.5,3.5
1425,data\raw\deam\audio\1425.mp3,5.1,5.2
1426,data\raw\deam\audio\1426.mp3,6.6,6.4
1427,data\raw\deam\audio\1427.mp3,5.0,4.9
1428,data\raw\deam\audio\1428.mp3,4.7,3.5
1429,data\raw\deam\audio\1429.mp3,3.0,2.3
1430,data\raw\deam\audio\1430.mp3,4.6,3.2
1431,data\raw\deam\audio\1431.mp3,4.1,4.1
1432,data\raw\deam\audio\1432.mp3,3.7,2.6
1433,data\raw\deam\audio\1433.mp3,4.0,3.6
1434,data\raw\deam\audio\1434.mp3,3.7,2.8
1435,data\raw\deam\audio\1435.mp3,3.6,5.3
1436,data\raw\deam\audio\1436.mp3,4.7,3.8
1437,data\raw\deam\audio\1437.mp3,5.1,4.5
1438,data\raw\deam\audio\1438.mp3,3.6,2.9
1439,data\raw\deam\audio\1439.mp3,4.1,2.9
1440,data\raw\deam\audio\1440.mp3,5.1,4.9
1441,data\raw\deam\audio\1441.mp3,5.0,4.0
1442,data\raw\deam\audio\1442.mp3,5.3,2.8
1443,data\raw\deam\audio\1443.mp3,5.8,2.9
1444,data\raw\deam\audio\1444.mp3,4.6,3.1
1445,data\raw\deam\audio\1445.mp3,5.1,3.6
1446,data\raw\deam\audio\1446.mp3,5.8,3.2
1447,data\raw\deam\audio\1447.mp3,4.4,4.1
1448,data\raw\deam\audio\1448.mp3,4.4,4.4
1449,data\raw\deam\audio\1449.mp3,4.6,4.1
1450,data\raw\deam\audio\1450.mp3,5.7,5.0
1451,data\raw\deam\audio\1451.mp3,5.1,4.8
1452,data\raw\deam\audio\1452.mp3,4.2,3.9
1453,data\raw\deam\audio\1453.mp3,4.0,3.8
1454,data\raw\deam\audio\1454.mp3,5.2,3.6
1455,data\raw\deam\audio\1455.mp3,4.1,4.2
1456,data\raw\deam\audio\1456.mp3,4.3,2.2
1457,data\raw\deam\audio\1457.mp3,5.4,4.8
1458,data\raw\deam\audio\1458.mp3,4.2,4.7
1459,data\raw\deam\audio\1459.mp3,5.4,5.1
1460,data\raw\deam\audio\1460.mp3,4.8,3.9
1461,data\raw\deam\audio\1461.mp3,5.3,4.2
1462,data\raw\deam\audio\1462.mp3,4.8,3.9
1463,data\raw\deam\audio\1463.mp3,3.3,3.0
1464,data\raw\deam\audio\1464.mp3,4.8,4.4
1465,data\raw\deam\audio\1465.mp3,5.2,3.7
1466,data\raw\deam\audio\1466.mp3,6.1,4.5
1467,data\raw\deam\audio\1467.mp3,4.0,4.2
1468,data\raw\deam\audio\1468.mp3,3.7,2.0
1469,data\raw\deam\audio\1469.mp3,3.1,3.2
1470,data\raw\deam\audio\1470.mp3,5.1,3.2
1471,data\raw\deam\audio\1471.mp3,7.3,6.8
1472,data\raw\deam\audio\1472.mp3,5.0,5.2
1473,data\raw\deam\audio\1473.mp3,6.1,6.0
1474,data\raw\deam\audio\1474.mp3,6.6,6.4
1475,data\raw\deam\audio\1475.mp3,4.3,3.2
1476,data\raw\deam\audio\1476.mp3,4.5,5.1
1477,data\raw\deam\audio\1477.mp3,5.1,4.5
1478,data\raw\deam\audio\1478.mp3,5.1,3.5
1479,data\raw\deam\audio\1479.mp3,5.0,5.1
1480,data\raw\deam\audio\1480.mp3,4.8,5.3
1481,data\raw\deam\audio\1481.mp3,3.9,3.7
1482,data\raw\deam\audio\1482.mp3,4.3,3.4
1483,data\raw\deam\audio\1483.mp3,3.9,3.8
1484,data\raw\deam\audio\1484.mp3,4.4,3.8
1485,data\raw\deam\audio\1485.mp3,4.7,3.8
1486,data\raw\deam\audio\1486.mp3,3.7,2.9
1487,data\raw\deam\audio\1487.mp3,4.3,2.4
1488,data\raw\deam\audio\1488.mp3,4.9,3.9
1489,data\raw\deam\audio\1489.mp3,4.9,4.6
1490,data\raw\deam\audio\1490.mp3,3.8,3.1
1491,data\raw\deam\audio\1491.mp3,4.8,5.2
1492,data\raw\deam\audio\1492.mp3,3.3,2.8
1493,data\raw\deam\audio\1493.mp3,4.0,6.1
1494,data\raw\deam\audio\1494.mp3,4.9,3.8
1495,data\raw\deam\audio\1495.mp3,4.4,3.9
1496,data\raw\deam\audio\1496.mp3,6.1,5.8
1497,data\raw\deam\audio\1497.mp3,4.4,3.6
1498,data\raw\deam\audio\1498.mp3,4.8,3.8
1499,data\raw\deam\audio\1499.mp3,4.8,4.5
1500,data\raw\deam\audio\1500.mp3,3.8,3.2
1501,data\raw\deam\audio\1501.mp3,5.0,4.9
1502,data\raw\deam\audio\1502.mp3,7.2,7.0
1503,data\raw\deam\audio\1503.mp3,5.9,4.1
1504,data\raw\deam\audio\1504.mp3,6.0,5.9
1505,data\raw\deam\audio\1505.mp3,4.2,4.9
1506,data\raw\deam\audio\1506.mp3,5.0,4.8
1507,data\raw\deam\audio\1507.mp3,5.5,5.7
1508,data\raw\deam\audio\1508.mp3,5.9,5.3
1509,data\raw\deam\audio\1509.mp3,5.9,5.4
1510,data\raw\deam\audio\1510.mp3,4.1,5.6
1511,data\raw\deam\audio\1511.mp3,5.5,5.6
1512,data\raw\deam\audio\1512.mp3,3.8,5.2
1513,data\raw\deam\audio\1513.mp3,6.1,6.3
1514,data\raw\deam\audio\1514.mp3,4.6,5.4
1515,data\raw\deam\audio\1515.mp3,4.4,4.8
1516,data\raw\deam\audio\1516.mp3,5.6,4.9
1517,data\raw\deam\audio\1517.mp3,6.0,5.0
1518,data\raw\deam\audio\1518.mp3,6.1,6.3
1519,data\raw\deam\audio\1519.mp3,5.0,5.6
1520,data\raw\deam\audio\1520.mp3,5.3,5.3
1521,data\raw\deam\audio\1521.mp3,4.8,4.9
1522,data\raw\deam\audio\1522.mp3,5.2,5.7
1523,data\raw\deam\audio\1523.mp3,6.9,4.8
1524,data\raw\deam\audio\1524.mp3,5.6,4.4
1525,data\raw\deam\audio\1525.mp3,4.5,4.5
1526,data\raw\deam\audio\1526.mp3,5.9,5.9
1527,data\raw\deam\audio\1527.mp3,4.5,4.7
1528,data\raw\deam\audio\1528.mp3,5.5,4.6
1529,data\raw\deam\audio\1529.mp3,5.4,5.7
1530,data\raw\deam\audio\1530.mp3,6.2,4.2
1531,data\raw\deam\audio\1531.mp3,5.1,4.8
1532,data\raw\deam\audio\1532.mp3,5.8,5.6
1533,data\raw\deam\audio\1533.mp3,5.2,5.3
1534,data\raw\deam\audio\1534.mp3,5.7,5.7
1535,data\raw\deam\audio\1535.mp3,5.4,5.3
1536,data\raw\deam\audio\1536.mp3,4.8,3.4
1537,data\raw\deam\audio\1537.mp3,5.9,3.4
1538,data\raw\deam\audio\1538.mp3,6.3,4.7
1539,data\raw\deam\audio\1539.mp3,4.4,4.7
1540,data\raw\deam\audio\1540.mp3,5.7,5.1
1541,data\raw\deam\audio\1541.mp3,5.2,4.6
1542,data\raw\deam\audio\1542.mp3,5.5,5.5
1543,data\raw\deam\audio\1543.mp3,6.1,5.4
1544,data\raw\deam\audio\1544.mp3,6.4,5.4
1545,data\raw\deam\audio\1545.mp3,4.8,4.8
1546,data\raw\deam\audio\1546.mp3,5.3,4.4
1547,data\raw\deam\audio\1547.mp3,4.0,5.8
1548,data\raw\deam\audio\1548.mp3,4.6,3.7
1549,data\raw\deam\audio\1549.mp3,4.9,5.2
1550,data\raw\deam\audio\1550.mp3,4.8,3.7
1551,data\raw\deam\audio\1551.mp3,5.6,5.4
1552,data\raw\deam\audio\1552.mp3,5.6,5.6
1553,data\raw\deam\audio\1553.mp3,5.6,5.9
1554,data\raw\deam\audio\1554.mp3,5.8,4.5
1555,data\raw\deam\audio\1555.mp3,4.4,2.9
1556,data\raw\deam\audio\1556.mp3,4.7,6.1
1557,data\raw\deam\audio\1557.mp3,5.5,6.3
1558,data\raw\deam\audio\1558.mp3,3.4,5.9
1559,data\raw\deam\audio\1559.mp3,5.8,5.2
1560,data\raw\deam\audio\1560.mp3,5.2,5.2
1561,data\raw\deam\audio\1561.mp3,5.0,6.0
1562,data\raw\deam\audio\1562.mp3,4.8,6.3
1563,data\raw\deam\audio\1563.mp3,5.1,5.7
1564,data\raw\deam\audio\1564.mp3,6.1,6.4
1565,data\raw\deam\audio\1565.mp3,4.6,4.9
1566,data\raw\deam\audio\1566.mp3,6.2,5.3
1567,data\raw\deam\audio\1567.mp3,4.0,5.0
1568,data\raw\deam\audio\1568.mp3,5.4,6.0
1569,data\raw\deam\audio\1569.mp3,5.6,5.8
1570,data\raw\deam\audio\1570.mp3,5.2,4.6
1571,data\raw\deam\audio\1571.mp3,4.4,6.9
1572,data\raw\deam\audio\1572.mp3,5.5,5.0
1573,data\raw\deam\audio\1573.mp3,4.9,3.6
1574,data\raw\deam\audio\1574.mp3,5.9,5.4
1575,data\raw\deam\audio\1575.mp3,5.2,5.1
1576,data\raw\deam\audio\1576.mp3,5.4,3.9
1577,data\raw\deam\audio\1577.mp3,5.2,4.7
1578,data\raw\deam\audio\1578.mp3,5.9,4.8
1579,data\raw\deam\audio\1579.mp3,5.8,4.9
1580,data\raw\deam\audio\1580.mp3,6.1,5.2
1581,data\raw\deam\audio\1581.mp3,6.5,6.1
1582,data\raw\deam\audio\1582.mp3,5.9,5.4
1583,data\raw\deam\audio\1583.mp3,5.6,5.2
1584,data\raw\deam\audio\1584.mp3,4.9,4.6
1585,data\raw\deam\audio\1585.mp3,5.0,3.9
1586,data\raw\deam\audio\1586.mp3,4.3,5.0
1587,data\raw\deam\audio\1587.mp3,5.0,5.5
1588,data\raw\deam\audio\1588.mp3,4.9,5.8
1589,data\raw\deam\audio\1589.mp3,5.8,6.1
1590,data\raw\deam\audio\1590.mp3,4.2,6.2
1591,data\raw\deam\audio\1591.mp3,5.9,4.7
1592,data\raw\deam\audio\1592.mp3,6.1,6.4
1593,data\raw\deam\audio\1593.mp3,4.7,3.5
1594,data\raw\deam\audio\1594.mp3,5.6,5.4
1595,data\raw\deam\audio\1595.mp3,5.6,5.9
1596,data\raw\deam\audio\1596.mp3,5.5,5.1
1597,data\raw\deam\audio\1597.mp3,5.5,5.0
1598,data\raw\deam\audio\1598.mp3,4.3,5.5
1599,data\raw\deam\audio\1599.mp3,3.6,4.1
1600,data\raw\deam\audio\1600.mp3,5.6,5.6
1601,data\raw\deam\audio\1601.mp3,5.0,5.3
1602,data\raw\deam\audio\1602.mp3,5.0,3.7
1603,data\raw\deam\audio\1603.mp3,5.4,3.9
1604,data\raw\deam\audio\1604.mp3,4.5,3.6
1605,data\raw\deam\audio\1605.mp3,5.6,4.0
1606,data\raw\deam\audio\1606.mp3,5.6,4.9
1607,data\raw\deam\audio\1607.mp3,4.5,3.0
1608,data\raw\deam\audio\1608.mp3,4.5,7.0
1609,data\raw\deam\audio\1609.mp3,6.4,6.5
1610,data\raw\deam\audio\1610.mp3,6.4,4.1
1611,data\raw\deam\audio\1611.mp3,5.7,6.2
1612,data\raw\deam\audio\1612.mp3,3.8,3.1
1613,data\raw\deam\audio\1613.mp3,6.2,6.6
1614,data\raw\deam\audio\1614.mp3,6.6,4.6
1615,data\raw\deam\audio\1615.mp3,5.7,4.6
1616,data\raw\deam\audio\1616.mp3,4.8,5.5
1617,data\raw\deam\audio\1617.mp3,6.1,5.9
1618,data\raw\deam\audio\1618.mp3,6.1,3.9
1619,data\raw\deam\audio\1619.mp3,5.2,5.3
1620,data\raw\deam\audio\1620.mp3,6.3,5.7
1621,data\raw\deam\audio\1621.mp3,6.1,6.0
1622,data\raw\deam\audio\1622.mp3,6.0,5.9
1623,data\raw\deam\audio\1623.mp3,5.6,5.3
1624,data\raw\deam\audio\1624.mp3,5.7,6.4
1625,data\raw\deam\audio\1625.mp3,4.9,4.4
1626,data\raw\deam\audio\1626.mp3,6.1,6.0
1627,data\raw\deam\audio\1627.mp3,4.4,3.9
1628,data\raw\deam\audio\1628.mp3,4.7,4.8
1629,data\raw\deam\audio\1629.mp3,6.4,6.3
1630,data\raw\deam\audio\1630.mp3,6.0,5.4
1631,data\raw\deam\audio\1631.mp3,5.7,4.8
1632,data\raw\deam\audio\1632.mp3,5.2,3.4
1633,data\raw\deam\audio\1633.mp3,6.5,6.3
1634,data\raw\deam\audio\1634.mp3,5.5,6.1
1635,data\raw\deam\audio\1635.mp3,6.8,6.1
1636,data\raw\deam\audio\1636.mp3,4.6,5.2
1637,data\raw\deam\audio\1637.mp3,5.5,3.6
1638,data\raw\deam\audio\1638.mp3,5.9,3.9
1639,data\raw\deam\audio\1639.mp3,5.3,5.3
1640,data\raw\deam\audio\1640.mp3,6.6,6.1
1641,data\raw\deam\audio\1641.mp3,4.6,5.3
1642,data\raw\deam\audio\1642.mp3,5.1,4.9
1643,data\raw\deam\audio\1643.mp3,4.4,4.3
1644,data\raw\deam\audio\1644.mp3,5.0,5.9
1645,data\raw\deam\audio\1645.mp3,5.8,5.7
1646,data\raw\deam\audio\1646.mp3,4.5,3.7
1647,data\raw\deam\audio\1647.mp3,7.1,5.8
1648,data\raw\deam\audio\1648.mp3,3.9,2.5
1649,data\raw\deam\audio\1649.mp3,6.1,6.0
1650,data\raw\deam\audio\1650.mp3,5.9,4.7
1651,data\raw\deam\audio\1651.mp3,4.8,6.0
1652,data\raw\deam\audio\1652.mp3,7.2,6.3
1653,data\raw\deam\audio\1653.mp3,4.3,3.1
1654,data\raw\deam\audio\1654.mp3,4.8,3.1
1655,data\raw\deam\audio\1655.mp3,6.1,6.1
1656,data\raw\deam\audio\1656.mp3,4.7,4.0
1657,data\raw\deam\audio\1657.mp3,5.6,5.7
1658,data\raw\deam\audio\1658.mp3,6.2,5.9
1659,data\raw\deam\audio\1659.mp3,4.6,4.6
1660,data\raw\deam\audio\1660.mp3,5.2,5.5
1661,data\raw\deam\audio\1661.mp3,5.7,6.3
1662,data\raw\deam\audio\1662.mp3,6.1,6.0
1663,data\raw\deam\audio\1663.mp3,4.6,4.9
1664,data\raw\deam\audio\1664.mp3,4.2,4.0
1665,data\raw\deam\audio\1665.mp3,5.6,5.7
1666,data\raw\deam\audio\1666.mp3,3.8,3.3
1667,data\raw\deam\audio\1667.mp3,6.0,7.5
1668,data\raw\deam\audio\1668.mp3,5.5,5.5
1669,data\raw\deam\audio\1669.mp3,5.5,4.9
1670,data\raw\deam\audio\1670.mp3,5.9,5.4
1671,data\raw\deam\audio\1671.mp3,4.2,3.3
1672,data\raw\deam\audio\1672.mp3,4.4,2.6
1673,data\raw\deam\audio\1673.mp3,6.1,5.9
1674,data\raw\deam\audio\1674.mp3,5.0,5.3
1675,data\raw\deam\audio\1675.mp3,5.5,5.7
1676,data\raw\deam\audio\1676.mp3,5.6,4.9
1677,data\raw\deam\audio\1677.mp3,6.8,6.4
1678,data\raw\deam\audio\1678.mp3,5.1,4.2
1679,data\raw\deam\audio\1679.mp3,5.4,5.6
1680,data\raw\deam\audio\1680.mp3,6.8,6.1
1681,data\raw\deam\audio\1681.mp3,5.0,3.5
1682,data\raw\deam\audio\1682.mp3,6.1,5.8
1683,data\raw\deam\audio\1683.mp3,6.0,4.8
1684,data\raw\deam\audio\1684.mp3,5.1,5.0
1685,data\raw\deam\audio\1685.mp3,5.4,4.5
1686,data\raw\deam\audio\1686.mp3,3.7,3.3
1687,data\raw\deam\audio\1687.mp3,5.1,4.7
1688,data\raw\deam\audio\1688.mp3,5.2,4.7
1689,data\raw\deam\audio\1689.mp3,7.1,6.4
1690,data\raw\deam\audio\1690.mp3,5.4,4.6
1691,data\raw\deam\audio\1691.mp3,3.7,3.6
1692,data\raw\deam\audio\1692.mp3,3.8,3.3
1693,data\raw\deam\audio\1693.mp3,4.4,3.8
1694,data\raw\deam\audio\1694.mp3,4.5,6.1
1695,data\raw\deam\audio\1695.mp3,5.7,5.6
1696,data\raw\deam\audio\1696.mp3,3.8,3.3
1697,data\raw\deam\audio\1697.mp3,3.3,2.8
1698,data\raw\deam\audio\1698.mp3,4.5,4.5
1699,data\raw\deam\audio\1699.mp3,5.1,5.0
1700,data\raw\deam\audio\1700.mp3,5.6,5.0
1701,data\raw\deam\audio\1701.mp3,4.0,3.1
1702,data\raw\deam\audio\1702.mp3,4.1,3.9
1703,data\raw\deam\audio\1703.mp3,5.3,6.7
1704,data\raw\deam\audio\1704.mp3,5.3,6.4
1705,data\raw\deam\audio\1705.mp3,4.0,4.4
1706,data\raw\deam\audio\1706.mp3,4.9,4.0
1707,data\raw\deam\audio\1707.mp3,3.5,4.0
1708,data\raw\deam\audio\1708.mp3,4.2,3.6
1709,data\raw\deam\audio\1709.mp3,4.0,3.8
1710,data\raw\deam\audio\1710.mp3,3.6,2.9
1711,data\raw\deam\audio\1711.mp3,5.0,3.2
1712,data\raw\deam\audio\1712.mp3,4.4,2.9
1713,data\raw\deam\audio\1713.mp3,6.2,5.7
1714,data\raw\deam\audio\1714.mp3,6.1,4.0
1715,data\raw\deam\audio\1715.mp3,5.9,5.6
1716,data\raw\deam\audio\1716.mp3,5.8,5.4
1717,data\raw\deam\audio\1717.mp3,6.0,4.8
1718,data\raw\deam\audio\1718.mp3,4.7,3.5
1719,data\raw\deam\audio\1719.mp3,5.0,3.3
1720,data\raw\deam\audio\1720.mp3,7.5,6.0
1721,data\raw\deam\audio\1721.mp3,4.2,2.9
1722,data\raw\deam\audio\1722.mp3,5.0,3.1
1723,data\raw\deam\audio\1723.mp3,4.3,3.4
1724,data\raw\deam\audio\1724.mp3,3.7,3.3
1725,data\raw\deam\audio\1725.mp3,5.2,4.4
1726,data\raw\deam\audio\1726.mp3,4.6,3.2
1727,data\raw\deam\audio\1727.mp3,4.9,4.7
1728,data\raw\deam\audio\1728.mp3,3.1,4.7
1729,data\raw\deam\audio\1729.mp3,5.1,5.4
1730,data\raw\deam\audio\1730.mp3,5.3,3.9
1731,data\raw\deam\audio\1731.mp3,4.2,3.6
1732,data\raw\deam\audio\1732.mp3,4.2,3.0
1733,data\raw\deam\audio\1733.mp3,3.8,3.3
1734,data\raw\deam\audio\1734.mp3,5.1,5.2
1735,data\raw\deam\audio\1735.mp3,4.7,3.0
1736,data\raw\deam\audio\1736.mp3,4.7,3.1
1737,data\raw\deam\audio\1737.mp3,3.6,3.6
1738,data\raw\deam\audio\1738.mp3,2.8,4.8
1739,data\raw\deam\audio\1739.mp3,3.7,2.8
1740,data\raw\deam\audio\1740.mp3,5.3,4.3
1741,data\raw\deam\audio\1741.mp3,3.3,3.5
1742,data\raw\deam\audio\1742.mp3,6.8,5.1
1743,data\raw\deam\audio\1743.mp3,6.8,6.5
1744,data\raw\deam\audio\1744.mp3,4.9,4.3
1745,data\raw\deam\audio\1745.mp3,7.1,5.9
1746,data\raw\deam\audio\1746.mp3,5.7,4.8
1747,data\raw\deam\audio\1747.mp3,4.3,2.9
1748,data\raw\deam\audio\1748.mp3,5.4,4.1
1749,data\raw\deam\audio\1749.mp3,6.7,4.6
1750,data\raw\deam\audio\1750.mp3,4.7,5.3
1751,data\raw\deam\audio\1751.mp3,4.1,4.3
1752,data\raw\deam\audio\1752.mp3,5.5,6.1
1753,data\raw\deam\audio\1753.mp3,3.2,3.4
1754,data\raw\deam\audio\1754.mp3,4.2,2.4
1755,data\raw\deam\audio\1755.mp3,6.4,5.7
1756,data\raw\deam\audio\1756.mp3,4.4,3.9
1757,data\raw\deam\audio\1757.mp3,5.0,3.1
1758,data\raw\deam\audio\1758.mp3,5.4,3.0
1759,data\raw\deam\audio\1759.mp3,5.4,4.7
1760,data\raw\deam\audio\1760.mp3,4.3,4.1
1761,data\raw\deam\audio\1761.mp3,7.9,7.1
1762,data\raw\deam\audio\1762.mp3,6.1,5.4
1763,data\raw\deam\audio\1763.mp3,4.4,3.5
1764,data\raw\deam\audio\1764.mp3,4.9,4.0
1765,data\raw\deam\audio\1765.mp3,5.8,4.6
1766,data\raw\deam\audio\1766.mp3,3.7,3.0
1767,data\raw\deam\audio\1767.mp3,3.8,2.4
1768,data\raw\deam\audio\1768.mp3,4.1,3.1
1769,data\raw\deam\audio\1769.mp3,5.9,5.3
1770,data\raw\deam\audio\1770.mp3,4.5,2.9
1771,data\raw\deam\audio\1771.mp3,4.9,5.3
1772,data\raw\deam\audio\1772.mp3,5.6,4.3
1773,data\raw\deam\audio\1773.mp3,5.4,4.1
1774,data\raw\deam\audio\1774.mp3,4.9,4.8
1775,data\raw\deam\audio\1775.mp3,4.6,3.0
1776,data\raw\deam\audio\1776.mp3,4.8,3.8
1777,data\raw\deam\audio\1777.mp3,5.3,4.4
1778,data\raw\deam\audio\1778.mp3,4.4,3.2
1779,data\raw\deam\audio\1779.mp3,5.7,2.9
1780,data\raw\deam\audio\1780.mp3,4.8,3.5
1781,data\raw\deam\audio\1781.mp3,4.2,2.7
1782,data\raw\deam\audio\1782.mp3,4.7,5.2
1783,data\raw\deam\audio\1783.mp3,4.2,3.3
1784,data\raw\deam\audio\1784.mp3,5.5,5.1
1785,data\raw\deam\audio\1785.mp3,5.6,5.2
1786,data\raw\deam\audio\1786.mp3,4.2,3.1
1787,data\raw\deam\audio\1787.mp3,3.9,3.4
1788,data\raw\deam\audio\1788.mp3,3.6,6.0
1789,data\raw\deam\audio\1789.mp3,5.9,5.1
1790,data\raw\deam\audio\1790.mp3,3.8,3.3
1791,data\raw\deam\audio\1791.mp3,5.3,3.3
1792,data\raw\deam\audio\1792.mp3,6.1,5.1
1793,data\raw\deam\audio\1793.mp3,5.1,4.2
1794,data\raw\deam\audio\1794.mp3,4.2,3.7
1795,data\raw\deam\audio\1795.mp3,3.9,3.0
1796,data\raw\deam\audio\1796.mp3,5.8,6.0
1797,data\raw\deam\audio\1797.mp3,3.6,4.1
1798,data\raw\deam\audio\1798.mp3,5.7,4.0
1799,data\raw\deam\audio\1799.mp3,5.8,4.5
1800,data\raw\deam\audio\1800.mp3,3.4,2.6
1801,data\raw\deam\audio\1801.mp3,3.4,2.8
1802,data\raw\deam\audio\1802.mp3,5.7,6.6
1803,data\raw\deam\audio\1803.mp3,4.1,3.6
1804,data\raw\deam\audio\1804.mp3,5.7,5.9
1805,data\raw\deam\audio\1805.mp3,5.7,4.9
1806,data\raw\deam\audio\1806.mp3,6.5,6.2
1807,data\raw\deam\audio\1807.mp3,5.7,5.3
1808,data\raw\deam\audio\1808.mp3,5.4,5.3
1809,data\raw\deam\audio\1809.mp3,4.0,4.1
1810,data\raw\deam\audio\1810.mp3,4.1,4.0
1811,data\raw\deam\audio\1811.mp3,4.6,4.7
1812,data\raw\deam\audio\1812.mp3,5.0,5.0
1813,data\raw\deam\audio\1813.mp3,6.1,5.7
1814,data\raw\deam\audio\1814.mp3,6.0,5.8
1815,data\raw\deam\audio\1815.mp3,6.4,5.8
1816,data\raw\deam\audio\1816.mp3,5.0,4.5
1817,data\raw\deam\audio\1817.mp3,6.6,6.0
1818,data\raw\deam\audio\1818.mp3,4.3,3.2
1819,data\raw\deam\audio\1819.mp3,4.1,4.1
1820,data\raw\deam\audio\1820.mp3,4.5,4.4
1821,data\raw\deam\audio\1821.mp3,6.2,6.6
1822,data\raw\deam\audio\1822.mp3,4.7,3.5
1823,data\raw\deam\audio\1823.mp3,2.7,5.6
1824,data\raw\deam\audio\1824.mp3,6.2,5.7
1825,data\raw\deam\audio\1825.mp3,4.8,4.5
1826,data\raw\deam\audio\1826.mp3,5.1,3.7
1827,data\raw\deam\audio\1827.mp3,5.6,6.7
1828,data\raw\deam\audio\1828.mp3,5.8,6.6
1829,data\raw\deam\audio\1829.mp3,4.8,3.6
1830,data\raw\deam\audio\1830.mp3,5.7,5.3
1831,data\raw\deam\audio\1831.mp3,6.2,5.6
1832,data\raw\deam\audio\1832.mp3,5.7,5.2
1833,data\raw\deam\audio\1833.mp3,4.5,3.2
1834,data\raw\deam\audio\1834.mp3,6.3,5.7
1835,data\raw\deam\audio\1835.mp3,5.3,3.2
1836,data\raw\deam\audio\1836.mp3,5.6,4.6
1837,data\raw\deam\audio\1837.mp3,4.2,2.9
1838,data\raw\deam\audio\1838.mp3,4.6,5.0
1839,data\raw\deam\audio\1839.mp3,6.0,5.7
1840,data\raw\deam\audio\1840.mp3,4.8,5.4
1841,data\raw\deam\audio\1841.mp3,4.6,3.1
1842,data\raw\deam\audio\1842.mp3,5.8,6.3
1843,data\raw\deam\audio\1843.mp3,4.9,4.7
1844,data\raw\deam\audio\1844.mp3,6.1,5.5
1845,data\raw\deam\audio\1845.mp3,5.9,5.9
1846,data\raw\deam\audio\1846.mp3,5.8,5.8
1847,data\raw\deam\audio\1847.mp3,3.2,2.6
1848,data\raw\deam\audio\1848.mp3,5.5,5.0
1849,data\raw\deam\audio\1849.mp3,6.0,5.8
1850,data\raw\deam\audio\1850.mp3,3.7,2.7
1851,data\raw\deam\audio\1851.mp3,4.6,3.3
1852,data\raw\deam\audio\1852.mp3,4.1,4.7
1853,data\raw\deam\audio\1853.mp3,6.5,5.7
1854,data\raw\deam\audio\1854.mp3,5.2,4.5
1855,data\raw\deam\audio\1855.mp3,5.4,6.0
1856,data\raw\deam\audio\1856.mp3,6.1,6.7
1857,data\raw\deam\audio\1857.mp3,5.3,5.0
1858,data\raw\deam\audio\1858.mp3,5.2,5.6
1859,data\raw\deam\audio\1859.mp3,5.2,5.0
1860,data\raw\deam\audio\1860.mp3,3.7,3.5
1861,data\raw\deam\audio\1861.mp3,5.1,5.0
1862,data\raw\deam\audio\1862.mp3,5.1,4.9
1863,data\raw\deam\audio\1863.mp3,6.4,5.7
1864,data\raw\deam\audio\1864.mp3,6.1,7.4
1865,data\raw\deam\audio\1865.mp3,6.8,5.9
1866,data\raw\deam\audio\1866.mp3,4.8,4.5
1867,data\raw\deam\audio\1867.mp3,4.2,4.0
1868,data\raw\deam\audio\1868.mp3,5.8,5.0
1869,data\raw\deam\audio\1869.mp3,4.1,3.7
1870,data\raw\deam\audio\1870.mp3,5.4,5.6
1871,data\raw\deam\audio\1871.mp3,6.4,6.6
1872,data\raw\deam\audio\1872.mp3,4.5,4.2
1873,data\raw\deam\audio\1873.mp3,4.7,3.4
1874,data\raw\deam\audio\1874.mp3,5.0,6.3
1875,data\raw\deam\audio\1875.mp3,6.3,6.2
1876,data\raw\deam\audio\1876.mp3,6.3,5.0
1877,data\raw\deam\audio\1877.mp3,6.2,5.5
1878,data\raw\deam\audio\1878.mp3,6.7,6.3
1879,data\raw\deam\audio\1879.mp3,5.4,6.4
1880,data\raw\deam\audio\1880.mp3,5.4,3.2
1881,data\raw\deam\audio\1881.mp3,5.0,5.2
1882,data\raw\deam\audio\1882.mp3,5.5,6.2
1883,data\raw\deam\audio\1883.mp3,5.6,4.5
1884,data\raw\deam\audio\1884.mp3,6.5,5.6
1885,data\raw\deam\audio\1885.mp3,3.9,3.9
1886,data\raw\deam\audio\1886.mp3,4.1,3.0
1887,data\raw\deam\audio\1887.mp3,6.0,5.8
1888,data\raw\deam\audio\1888.mp3,3.4,3.2
1889,data\raw\deam\audio\1889.mp3,5.6,5.5
1890,data\raw\deam\audio\1890.mp3,6.0,5.8
1891,data\raw\deam\audio\1891.mp3,5.0,3.5
1892,data\raw\deam\audio\1892.mp3,5.1,6.1
1893,data\raw\deam\audio\1893.mp3,6.3,6.2
1894,data\raw\deam\audio\1894.mp3,4.8,4.8
1895,data\raw\deam\audio\1895.mp3,6.5,5.9
1896,data\raw\deam\audio\1896.mp3,4.9,2.1
1897,data\raw\deam\audio\1897.mp3,4.2,3.8
1898,data\raw\deam\audio\1898.mp3,5.1,4.2
1899,data\raw\deam\audio\1899.mp3,5.0,4.1
1900,data\raw\deam\audio\1900.mp3,6.5,6.7
1901,data\raw\deam\audio\1901.mp3,5.2,6.4
1902,data\raw\deam\audio\1902.mp3,4.4,7.3
1903,data\raw\deam\audio\1903.mp3,3.2,6.9
1904,data\raw\deam\audio\1904.mp3,4.1,3.4
1905,data\raw\deam\audio\1905.mp3,3.7,6.5
1906,data\raw\deam\audio\1906.mp3,4.4,6.2
1907,data\raw\deam\audio\1907.mp3,4.9,6.5
1908,data\raw\deam\audio\1908.mp3,5.2,5.1
1909,data\raw\deam\audio\1909.mp3,4.9,5.0
1910,data\raw\deam\audio\1910.mp3,3.8,3.3
1911,data\raw\deam\audio\1911.mp3,4.3,5.4
1912,data\raw\deam\audio\1912.mp3,5.4,5.5
1913,data\raw\deam\audio\1913.mp3,6.0,6.5
1914,data\raw\deam\audio\1914.mp3,5.3,6.3
1915,data\raw\deam\audio\1915.mp3,6.3,6.5
1916,data\raw\deam\audio\1916.mp3,5.4,6.3
1917,data\raw\deam\audio\1917.mp3,4.1,4.6
1918,data\raw\deam\audio\1918.mp3,3.4,4.6
1919,data\raw\deam\audio\1919.mp3,4.5,5.4
1920,data\raw\deam\audio\1920.mp3,5.7,6.4
1921,data\raw\deam\audio\1921.mp3,4.4,6.5
1922,data\raw\deam\audio\1922.mp3,5.6,5.8
1923,data\raw\deam\audio\1923.mp3,6.4,6.2
1924,data\raw\deam\audio\1924.mp3,5.3,5.7
1925,data\raw\deam\audio\1925.mp3,4.9,4.5
1926,data\raw\deam\audio\1926.mp3,5.2,6.1
1927,data\raw\deam\audio\1927.mp3,5.6,4.6
1928,data\raw\deam\audio\1928.mp3,3.7,5.6
1929,data\raw\deam\audio\1929.mp3,5.1,6.7
1930,data\raw\deam\audio\1930.mp3,4.6,4.0
1931,data\raw\deam\audio\1931.mp3,4.7,5.5
1932,data\raw\deam\audio\1932.mp3,4.8,6.0
1933,data\raw\deam\audio\1933.mp3,5.2,7.0
1934,data\raw\deam\audio\1934.mp3,5.8,3.8
1935,data\raw\deam\audio\1935.mp3,4.7,4.4
1936,data\raw\deam\audio\1936.mp3,2.9,3.0
1937,data\raw\deam\audio\1937.mp3,4.3,3.9
1938,data\raw\deam\audio\1938.mp3,5.6,7.0
1939,data\raw\deam\audio\1939.mp3,4.4,3.2
1940,data\raw\deam\audio\1940.mp3,5.1,5.6
1941,data\raw\deam\audio\1941.mp3,5.2,4.4
1942,data\raw\deam\audio\1942.mp3,6.4,6.8
1943,data\raw\deam\audio\1943.mp3,4.2,4.4
1944,data\raw\deam\audio\1944.mp3,6.1,5.1
1945,data\raw\deam\audio\1945.mp3,6.0,6.1
1946,data\raw\deam\audio\1946.mp3,4.0,6.0
1947,data\raw\deam\audio\1947.mp3,5.0,7.4
1948,data\raw\deam\audio\1948.mp3,4.0,6.7
1949,data\raw\deam\audio\1949.mp3,2.2,5.1
1950,data\raw\deam\audio\1950.mp3,3.8,3.4
1951,data\raw\deam\audio\1951.mp3,4.6,4.0
1952,data\raw\deam\audio\1952.mp3,4.1,4.4
1953,data\raw\deam\audio\1953.mp3,5.1,4.4
1954,data\raw\deam\audio\1954.mp3,6.7,5.7
1955,data\raw\deam\audio\1955.mp3,5.5,6.5
1956,data\raw\deam\audio\1956.mp3,5.4,5.9
1957,data\raw\deam\audio\1957.mp3,4.8,4.8
1958,data\raw\deam\audio\1958.mp3,4.8,5.1
1959,data\raw\deam\audio\1959.mp3,4.7,5.8
1960,data\raw\deam\audio\1960.mp3,4.5,6.7
1961,data\raw\deam\audio\1961.mp3,5.9,5.3
1962,data\raw\deam\audio\1962.mp3,4.4,5.0
1963,data\raw\deam\audio\1963.mp3,3.9,5.5
1964,data\raw\deam\audio\1964.mp3,3.6,6.7
1965,data\raw\deam\audio\1965.mp3,3.3,3.5
1966,data\raw\deam\audio\1966.mp3,3.6,5.0
1967,data\raw\deam\audio\1967.mp3,4.7,6.9
1968,data\raw\deam\audio\1968.mp3,4.6,6.18
1969,data\raw\deam\audio\1969.mp3,3.7,5.7
1970,data\raw\deam\audio\1970.mp3,5.9,7.1
1971,data\raw\deam\audio\1971.mp3,5.5,5.5
1972,data\raw\deam\audio\1972.mp3,6.0,5.9
1973,data\raw\deam\audio\1973.mp3,4.3,4.3
1974,data\raw\deam\audio\1974.mp3,3.4,4.7
1975,data\raw\deam\audio\1975.mp3,4.7,5.6
1976,data\raw\deam\audio\1976.mp3,4.9,5.4
1977,data\raw\deam\audio\1977.mp3,4.7,5.2
1978,data\raw\deam\audio\1978.mp3,6.5,6.5
1979,data\raw\deam\audio\1979.mp3,5.5,7.2
1980,data\raw\deam\audio\1980.mp3,5.5,5.4
1981,data\raw\deam\audio\1981.mp3,5.1,5.8
1982,data\raw\deam\audio\1982.mp3,4.5,4.5
1983,data\raw\deam\audio\1983.mp3,2.9,3.4
1984,data\raw\deam\audio\1984.mp3,3.7,2.9
1985,data\raw\deam\audio\1985.mp3,4.8,5.6
1986,data\raw\deam\audio\1986.mp3,4.0,5.1
1987,data\raw\deam\audio\1987.mp3,6.5,6.3
1988,data\raw\deam\audio\1988.mp3,5.5,5.8
1989,data\raw\deam\audio\1989.mp3,5.0,5.7
1990,data\raw\deam\audio\1990.mp3,4.2,4.1
1991,data\raw\deam\audio\1991.mp3,5.0,6.0
1992,data\raw\deam\audio\1992.mp3,4.9,6.8
1993,data\raw\deam\audio\1993.mp3,3.5,7.0
1994,data\raw\deam\audio\1994.mp3,3.8,3.5
1995,data\raw\deam\audio\1995.mp3,4.7,4.7
1996,data\raw\deam\audio\1996.mp3,3.9,5.9
1997,data\raw\deam\audio\1997.mp3,5.3,3.9
1998,data\raw\deam\audio\1998.mp3,6.4,6.2
1999,data\raw\deam\audio\1999.mp3,4.6,5.4
2000,data\raw\deam\audio\2000.mp3,5.8,6.0
2001,data\raw\deam\audio\2001.mp3,3.2,6.6
2002,data\raw\deam\audio\2002.mp3,6.4,5.2
2003,data\raw\deam\audio\2003.mp3,5.4,4.6
2004,data\raw\deam\audio\2004.mp3,5.0,4.8
2005,data\raw\deam\audio\2005.mp3,3.8,5.2
2006,data\raw\deam\audio\2006.mp3,5.0,3.2
2007,data\raw\deam\audio\2007.mp3,3.4,4.4
2008,data\raw\deam\audio\2008.mp3,5.6,3.6
2009,data\raw\deam\audio\2009.mp3,5.2,4.2
2010,data\raw\deam\audio\2010.mp3,6.0,4.8
2011,data\raw\deam\audio\2011.mp3,4.2,5.0
2012,data\raw\deam\audio\2012.mp3,3.17,5.17
2013,data\raw\deam\audio\2013.mp3,5.4,5.6
2014,data\raw\deam\audio\2014.mp3,3.0,6.6
2015,data\raw\deam\audio\2015.mp3,6.6,5.4
2016,data\raw\deam\audio\2016.mp3,7.2,5.6
2017,data\raw\deam\audio\2017.mp3,6.67,6.5
2018,data\raw\deam\audio\2018.mp3,6.5,6.33
2019,data\raw\deam\audio\2019.mp3,6.8,6.8
2020,data\raw\deam\audio\2020.mp3,6.8,5.8
2021,data\raw\deam\audio\2021.mp3,4.2,4.4
2022,data\raw\deam\audio\2022.mp3,3.8,4.4
2023,data\raw\deam\audio\2023.mp3,5.6,3.0
2024,data\raw\deam\audio\2024.mp3,6.4,4.4
2025,data\raw\deam\audio\2025.mp3,6.0,4.8
2026,data\raw\deam\audio\2026.mp3,5.6,4.0
2027,data\raw\deam\audio\2027.mp3,5.8,5.4
2028,data\raw\deam\audio\2028.mp3,3.4,6.2
2029,data\raw\deam\audio\2029.mp3,4.17,4.0
2030,data\raw\deam\audio\2030.mp3,4.2,6.2
2031,data\raw\deam\audio\2031.mp3,4.6,3.4
2032,data\raw\deam\audio\2032.mp3,5.2,4.4
2033,data\raw\deam\audio\2033.mp3,3.17,6.83
2034,data\raw\deam\audio\2034.mp3,6.2,4.6
2035,data\raw\deam\audio\2035.mp3,3.4,4.6
2036,data\raw\deam\audio\2036.mp3,3.83,4.67
2037,data\raw\deam\audio\2037.mp3,6.4,4.4
2038,data\raw\deam\audio\2038.mp3,4.0,3.8
2039,data\raw\deam\audio\2039.mp3,5.4,4.6
2040,data\raw\deam\audio\2040.mp3,3.6,7.0
2041,data\raw\deam\audio\2041.mp3,4.4,3.0
2042,data\raw\deam\audio\2042.mp3,4.8,4.6
2043,data\raw\deam\audio\2043.mp3,5.6,4.4
2044,data\raw\deam\audio\2044.mp3,6.4,5.2
2045,data\raw\deam\audio\2045.mp3,4.8,3.2
2046,data\raw\deam\audio\2046.mp3,5.5,5.17
2047,data\raw\deam\audio\2047.mp3,6.2,5.0
2048,data\raw\deam\audio\2048.mp3,6.2,3.6
2049,data\raw\deam\audio\2049.mp3,4.4,3.8
2050,data\raw\deam\audio\2050.mp3,4.4,3.6
2051,data\raw\deam\audio\2051.mp3,3.2,4.6
2052,data\raw\deam\audio\2052.mp3,3.2,5.2
2053,data\raw\deam\audio\2053.mp3,3.8,3.8
2054,data\raw\deam\audio\2054.mp3,5.4,3.6
2055,data\raw\deam\audio\2055.mp3,5.0,5.2
2056,data\raw\deam\audio\2056.mp3,5.0,4.6
2057,data\raw\deam\audio\2057.mp3,3.17,6.83
2058,data\raw\deam\audio\2058.mp3,3.8,5.8
