image_path,genre
data\spectrograms\blues\blues.00000.png,blues
data\spectrograms\blues\blues.00000.png,blues
data\spectrograms\blues\blues.00001.png,blues
data\spectrograms\blues\blues.00001.png,blues
data\spectrograms\blues\blues.00002.png,blues
data\spectrograms\blues\blues.00002.png,blues
data\spectrograms\blues\blues.00003.png,blues
data\spectrograms\blues\blues.00003.png,blues
data\spectrograms\blues\blues.00004.png,blues
data\spectrograms\blues\blues.00004.png,blues
data\spectrograms\blues\blues.00005.png,blues
data\spectrograms\blues\blues.00005.png,blues
data\spectrograms\blues\blues.00006.png,blues
data\spectrograms\blues\blues.00006.png,blues
data\spectrograms\blues\blues.00007.png,blues
data\spectrograms\blues\blues.00007.png,blues
data\spectrograms\blues\blues.00008.png,blues
data\spectrograms\blues\blues.00008.png,blues
data\spectrograms\blues\blues.00009.png,blues
data\spectrograms\blues\blues.00009.png,blues
data\spectrograms\blues\blues.00010.png,blues
data\spectrograms\blues\blues.00010.png,blues
data\spectrograms\blues\blues.00011.png,blues
data\spectrograms\blues\blues.00011.png,blues
data\spectrograms\blues\blues.00012.png,blues
data\spectrograms\blues\blues.00012.png,blues
data\spectrograms\blues\blues.00013.png,blues
data\spectrograms\blues\blues.00013.png,blues
data\spectrograms\blues\blues.00014.png,blues
data\spectrograms\blues\blues.00014.png,blues
data\spectrograms\blues\blues.00015.png,blues
data\spectrograms\blues\blues.00015.png,blues
data\spectrograms\blues\blues.00016.png,blues
data\spectrograms\blues\blues.00016.png,blues
data\spectrograms\blues\blues.00017.png,blues
data\spectrograms\blues\blues.00017.png,blues
data\spectrograms\blues\blues.00018.png,blues
data\spectrograms\blues\blues.00018.png,blues
data\spectrograms\blues\blues.00019.png,blues
data\spectrograms\blues\blues.00019.png,blues
data\spectrograms\blues\blues.00020.png,blues
data\spectrograms\blues\blues.00020.png,blues
data\spectrograms\blues\blues.00021.png,blues
data\spectrograms\blues\blues.00021.png,blues
data\spectrograms\blues\blues.00022.png,blues
data\spectrograms\blues\blues.00022.png,blues
data\spectrograms\blues\blues.00023.png,blues
data\spectrograms\blues\blues.00023.png,blues
data\spectrograms\blues\blues.00024.png,blues
data\spectrograms\blues\blues.00024.png,blues
data\spectrograms\blues\blues.00025.png,blues
data\spectrograms\blues\blues.00025.png,blues
data\spectrograms\blues\blues.00026.png,blues
data\spectrograms\blues\blues.00026.png,blues
data\spectrograms\blues\blues.00027.png,blues
data\spectrograms\blues\blues.00027.png,blues
data\spectrograms\blues\blues.00028.png,blues
data\spectrograms\blues\blues.00028.png,blues
data\spectrograms\blues\blues.00029.png,blues
data\spectrograms\blues\blues.00029.png,blues
data\spectrograms\blues\blues.00030.png,blues
data\spectrograms\blues\blues.00030.png,blues
data\spectrograms\blues\blues.00031.png,blues
data\spectrograms\blues\blues.00031.png,blues
data\spectrograms\blues\blues.00032.png,blues
data\spectrograms\blues\blues.00032.png,blues
data\spectrograms\blues\blues.00033.png,blues
data\spectrograms\blues\blues.00033.png,blues
data\spectrograms\blues\blues.00034.png,blues
data\spectrograms\blues\blues.00034.png,blues
data\spectrograms\blues\blues.00035.png,blues
data\spectrograms\blues\blues.00035.png,blues
data\spectrograms\blues\blues.00036.png,blues
data\spectrograms\blues\blues.00036.png,blues
data\spectrograms\blues\blues.00037.png,blues
data\spectrograms\blues\blues.00037.png,blues
data\spectrograms\blues\blues.00038.png,blues
data\spectrograms\blues\blues.00038.png,blues
data\spectrograms\blues\blues.00039.png,blues
data\spectrograms\blues\blues.00039.png,blues
data\spectrograms\blues\blues.00040.png,blues
data\spectrograms\blues\blues.00040.png,blues
data\spectrograms\blues\blues.00041.png,blues
data\spectrograms\blues\blues.00041.png,blues
data\spectrograms\blues\blues.00042.png,blues
data\spectrograms\blues\blues.00042.png,blues
data\spectrograms\blues\blues.00043.png,blues
data\spectrograms\blues\blues.00043.png,blues
data\spectrograms\blues\blues.00044.png,blues
data\spectrograms\blues\blues.00044.png,blues
data\spectrograms\blues\blues.00045.png,blues
data\spectrograms\blues\blues.00045.png,blues
data\spectrograms\blues\blues.00046.png,blues
data\spectrograms\blues\blues.00046.png,blues
data\spectrograms\blues\blues.00047.png,blues
data\spectrograms\blues\blues.00047.png,blues
data\spectrograms\blues\blues.00048.png,blues
data\spectrograms\blues\blues.00048.png,blues
data\spectrograms\blues\blues.00049.png,blues
data\spectrograms\blues\blues.00049.png,blues
data\spectrograms\blues\blues.00050.png,blues
data\spectrograms\blues\blues.00050.png,blues
data\spectrograms\blues\blues.00051.png,blues
data\spectrograms\blues\blues.00051.png,blues
data\spectrograms\blues\blues.00052.png,blues
data\spectrograms\blues\blues.00052.png,blues
data\spectrograms\blues\blues.00053.png,blues
data\spectrograms\blues\blues.00053.png,blues
data\spectrograms\blues\blues.00054.png,blues
data\spectrograms\blues\blues.00054.png,blues
data\spectrograms\blues\blues.00055.png,blues
data\spectrograms\blues\blues.00055.png,blues
data\spectrograms\blues\blues.00056.png,blues
data\spectrograms\blues\blues.00056.png,blues
data\spectrograms\blues\blues.00057.png,blues
data\spectrograms\blues\blues.00057.png,blues
data\spectrograms\blues\blues.00058.png,blues
data\spectrograms\blues\blues.00058.png,blues
data\spectrograms\blues\blues.00059.png,blues
data\spectrograms\blues\blues.00059.png,blues
data\spectrograms\blues\blues.00060.png,blues
data\spectrograms\blues\blues.00060.png,blues
data\spectrograms\blues\blues.00061.png,blues
data\spectrograms\blues\blues.00061.png,blues
data\spectrograms\blues\blues.00062.png,blues
data\spectrograms\blues\blues.00062.png,blues
data\spectrograms\blues\blues.00063.png,blues
data\spectrograms\blues\blues.00063.png,blues
data\spectrograms\blues\blues.00064.png,blues
data\spectrograms\blues\blues.00064.png,blues
data\spectrograms\blues\blues.00065.png,blues
data\spectrograms\blues\blues.00065.png,blues
data\spectrograms\blues\blues.00066.png,blues
data\spectrograms\blues\blues.00066.png,blues
data\spectrograms\blues\blues.00067.png,blues
data\spectrograms\blues\blues.00067.png,blues
data\spectrograms\blues\blues.00068.png,blues
data\spectrograms\blues\blues.00068.png,blues
data\spectrograms\blues\blues.00069.png,blues
data\spectrograms\blues\blues.00069.png,blues
data\spectrograms\blues\blues.00070.png,blues
data\spectrograms\blues\blues.00070.png,blues
data\spectrograms\blues\blues.00071.png,blues
data\spectrograms\blues\blues.00071.png,blues
data\spectrograms\blues\blues.00072.png,blues
data\spectrograms\blues\blues.00072.png,blues
data\spectrograms\blues\blues.00073.png,blues
data\spectrograms\blues\blues.00073.png,blues
data\spectrograms\blues\blues.00074.png,blues
data\spectrograms\blues\blues.00074.png,blues
data\spectrograms\blues\blues.00075.png,blues
data\spectrograms\blues\blues.00075.png,blues
data\spectrograms\blues\blues.00076.png,blues
data\spectrograms\blues\blues.00076.png,blues
data\spectrograms\blues\blues.00077.png,blues
data\spectrograms\blues\blues.00077.png,blues
data\spectrograms\blues\blues.00078.png,blues
data\spectrograms\blues\blues.00078.png,blues
data\spectrograms\blues\blues.00079.png,blues
data\spectrograms\blues\blues.00079.png,blues
data\spectrograms\blues\blues.00080.png,blues
data\spectrograms\blues\blues.00080.png,blues
data\spectrograms\blues\blues.00081.png,blues
data\spectrograms\blues\blues.00081.png,blues
data\spectrograms\blues\blues.00082.png,blues
data\spectrograms\blues\blues.00082.png,blues
data\spectrograms\blues\blues.00083.png,blues
data\spectrograms\blues\blues.00083.png,blues
data\spectrograms\blues\blues.00084.png,blues
data\spectrograms\blues\blues.00084.png,blues
data\spectrograms\blues\blues.00085.png,blues
data\spectrograms\blues\blues.00085.png,blues
data\spectrograms\blues\blues.00086.png,blues
data\spectrograms\blues\blues.00086.png,blues
data\spectrograms\blues\blues.00087.png,blues
data\spectrograms\blues\blues.00087.png,blues
data\spectrograms\blues\blues.00088.png,blues
data\spectrograms\blues\blues.00088.png,blues
data\spectrograms\blues\blues.00089.png,blues
data\spectrograms\blues\blues.00089.png,blues
data\spectrograms\blues\blues.00090.png,blues
data\spectrograms\blues\blues.00090.png,blues
data\spectrograms\blues\blues.00091.png,blues
data\spectrograms\blues\blues.00091.png,blues
data\spectrograms\blues\blues.00092.png,blues
data\spectrograms\blues\blues.00092.png,blues
data\spectrograms\blues\blues.00093.png,blues
data\spectrograms\blues\blues.00093.png,blues
data\spectrograms\blues\blues.00094.png,blues
data\spectrograms\blues\blues.00094.png,blues
data\spectrograms\blues\blues.00095.png,blues
data\spectrograms\blues\blues.00095.png,blues
data\spectrograms\blues\blues.00096.png,blues
data\spectrograms\blues\blues.00096.png,blues
data\spectrograms\blues\blues.00097.png,blues
data\spectrograms\blues\blues.00097.png,blues
data\spectrograms\blues\blues.00098.png,blues
data\spectrograms\blues\blues.00098.png,blues
data\spectrograms\blues\blues.00099.png,blues
data\spectrograms\blues\blues.00099.png,blues
data\spectrograms\classical\classical.00000.png,classical
data\spectrograms\classical\classical.00000.png,classical
data\spectrograms\classical\classical.00001.png,classical
data\spectrograms\classical\classical.00001.png,classical
data\spectrograms\classical\classical.00002.png,classical
data\spectrograms\classical\classical.00002.png,classical
data\spectrograms\classical\classical.00003.png,classical
data\spectrograms\classical\classical.00003.png,classical
data\spectrograms\classical\classical.00004.png,classical
data\spectrograms\classical\classical.00004.png,classical
data\spectrograms\classical\classical.00005.png,classical
data\spectrograms\classical\classical.00005.png,classical
data\spectrograms\classical\classical.00006.png,classical
data\spectrograms\classical\classical.00006.png,classical
data\spectrograms\classical\classical.00007.png,classical
data\spectrograms\classical\classical.00007.png,classical
data\spectrograms\classical\classical.00008.png,classical
data\spectrograms\classical\classical.00008.png,classical
data\spectrograms\classical\classical.00009.png,classical
data\spectrograms\classical\classical.00009.png,classical
data\spectrograms\classical\classical.00010.png,classical
data\spectrograms\classical\classical.00010.png,classical
data\spectrograms\classical\classical.00011.png,classical
data\spectrograms\classical\classical.00011.png,classical
data\spectrograms\classical\classical.00012.png,classical
data\spectrograms\classical\classical.00012.png,classical
data\spectrograms\classical\classical.00013.png,classical
data\spectrograms\classical\classical.00013.png,classical
data\spectrograms\classical\classical.00014.png,classical
data\spectrograms\classical\classical.00014.png,classical
data\spectrograms\classical\classical.00015.png,classical
data\spectrograms\classical\classical.00015.png,classical
data\spectrograms\classical\classical.00016.png,classical
data\spectrograms\classical\classical.00016.png,classical
data\spectrograms\classical\classical.00017.png,classical
data\spectrograms\classical\classical.00017.png,classical
data\spectrograms\classical\classical.00018.png,classical
data\spectrograms\classical\classical.00018.png,classical
data\spectrograms\classical\classical.00019.png,classical
data\spectrograms\classical\classical.00019.png,classical
data\spectrograms\classical\classical.00020.png,classical
data\spectrograms\classical\classical.00020.png,classical
data\spectrograms\classical\classical.00021.png,classical
data\spectrograms\classical\classical.00021.png,classical
data\spectrograms\classical\classical.00022.png,classical
data\spectrograms\classical\classical.00022.png,classical
data\spectrograms\classical\classical.00023.png,classical
data\spectrograms\classical\classical.00023.png,classical
data\spectrograms\classical\classical.00024.png,classical
data\spectrograms\classical\classical.00024.png,classical
data\spectrograms\classical\classical.00025.png,classical
data\spectrograms\classical\classical.00025.png,classical
data\spectrograms\classical\classical.00026.png,classical
data\spectrograms\classical\classical.00026.png,classical
data\spectrograms\classical\classical.00027.png,classical
data\spectrograms\classical\classical.00027.png,classical
data\spectrograms\classical\classical.00028.png,classical
data\spectrograms\classical\classical.00028.png,classical
data\spectrograms\classical\classical.00029.png,classical
data\spectrograms\classical\classical.00029.png,classical
data\spectrograms\classical\classical.00030.png,classical
data\spectrograms\classical\classical.00030.png,classical
data\spectrograms\classical\classical.00031.png,classical
data\spectrograms\classical\classical.00031.png,classical
data\spectrograms\classical\classical.00032.png,classical
data\spectrograms\classical\classical.00032.png,classical
data\spectrograms\classical\classical.00033.png,classical
data\spectrograms\classical\classical.00033.png,classical
data\spectrograms\classical\classical.00034.png,classical
data\spectrograms\classical\classical.00034.png,classical
data\spectrograms\classical\classical.00035.png,classical
data\spectrograms\classical\classical.00035.png,classical
data\spectrograms\classical\classical.00036.png,classical
data\spectrograms\classical\classical.00036.png,classical
data\spectrograms\classical\classical.00037.png,classical
data\spectrograms\classical\classical.00037.png,classical
data\spectrograms\classical\classical.00038.png,classical
data\spectrograms\classical\classical.00038.png,classical
data\spectrograms\classical\classical.00039.png,classical
data\spectrograms\classical\classical.00039.png,classical
data\spectrograms\classical\classical.00040.png,classical
data\spectrograms\classical\classical.00040.png,classical
data\spectrograms\classical\classical.00041.png,classical
data\spectrograms\classical\classical.00041.png,classical
data\spectrograms\classical\classical.00042.png,classical
data\spectrograms\classical\classical.00042.png,classical
data\spectrograms\classical\classical.00043.png,classical
data\spectrograms\classical\classical.00043.png,classical
data\spectrograms\classical\classical.00044.png,classical
data\spectrograms\classical\classical.00044.png,classical
data\spectrograms\classical\classical.00045.png,classical
data\spectrograms\classical\classical.00045.png,classical
data\spectrograms\classical\classical.00046.png,classical
data\spectrograms\classical\classical.00046.png,classical
data\spectrograms\classical\classical.00047.png,classical
data\spectrograms\classical\classical.00047.png,classical
data\spectrograms\classical\classical.00048.png,classical
data\spectrograms\classical\classical.00048.png,classical
data\spectrograms\classical\classical.00049.png,classical
data\spectrograms\classical\classical.00049.png,classical
data\spectrograms\classical\classical.00050.png,classical
data\spectrograms\classical\classical.00050.png,classical
data\spectrograms\classical\classical.00051.png,classical
data\spectrograms\classical\classical.00051.png,classical
data\spectrograms\classical\classical.00052.png,classical
data\spectrograms\classical\classical.00052.png,classical
data\spectrograms\classical\classical.00053.png,classical
data\spectrograms\classical\classical.00053.png,classical
data\spectrograms\classical\classical.00054.png,classical
data\spectrograms\classical\classical.00054.png,classical
data\spectrograms\classical\classical.00055.png,classical
data\spectrograms\classical\classical.00055.png,classical
data\spectrograms\classical\classical.00056.png,classical
data\spectrograms\classical\classical.00056.png,classical
data\spectrograms\classical\classical.00057.png,classical
data\spectrograms\classical\classical.00057.png,classical
data\spectrograms\classical\classical.00058.png,classical
data\spectrograms\classical\classical.00058.png,classical
data\spectrograms\classical\classical.00059.png,classical
data\spectrograms\classical\classical.00059.png,classical
data\spectrograms\classical\classical.00060.png,classical
data\spectrograms\classical\classical.00060.png,classical
data\spectrograms\classical\classical.00061.png,classical
data\spectrograms\classical\classical.00061.png,classical
data\spectrograms\classical\classical.00062.png,classical
data\spectrograms\classical\classical.00062.png,classical
data\spectrograms\classical\classical.00063.png,classical
data\spectrograms\classical\classical.00063.png,classical
data\spectrograms\classical\classical.00064.png,classical
data\spectrograms\classical\classical.00064.png,classical
data\spectrograms\classical\classical.00065.png,classical
data\spectrograms\classical\classical.00065.png,classical
data\spectrograms\classical\classical.00066.png,classical
data\spectrograms\classical\classical.00066.png,classical
data\spectrograms\classical\classical.00067.png,classical
data\spectrograms\classical\classical.00067.png,classical
data\spectrograms\classical\classical.00068.png,classical
data\spectrograms\classical\classical.00068.png,classical
data\spectrograms\classical\classical.00069.png,classical
data\spectrograms\classical\classical.00069.png,classical
data\spectrograms\classical\classical.00070.png,classical
data\spectrograms\classical\classical.00070.png,classical
data\spectrograms\classical\classical.00071.png,classical
data\spectrograms\classical\classical.00071.png,classical
data\spectrograms\classical\classical.00072.png,classical
data\spectrograms\classical\classical.00072.png,classical
data\spectrograms\classical\classical.00073.png,classical
data\spectrograms\classical\classical.00073.png,classical
data\spectrograms\classical\classical.00074.png,classical
data\spectrograms\classical\classical.00074.png,classical
data\spectrograms\classical\classical.00075.png,classical
data\spectrograms\classical\classical.00075.png,classical
data\spectrograms\classical\classical.00076.png,classical
data\spectrograms\classical\classical.00076.png,classical
data\spectrograms\classical\classical.00077.png,classical
data\spectrograms\classical\classical.00077.png,classical
data\spectrograms\classical\classical.00078.png,classical
data\spectrograms\classical\classical.00078.png,classical
data\spectrograms\classical\classical.00079.png,classical
data\spectrograms\classical\classical.00079.png,classical
data\spectrograms\classical\classical.00080.png,classical
data\spectrograms\classical\classical.00080.png,classical
data\spectrograms\classical\classical.00081.png,classical
data\spectrograms\classical\classical.00081.png,classical
data\spectrograms\classical\classical.00082.png,classical
data\spectrograms\classical\classical.00082.png,classical
data\spectrograms\classical\classical.00083.png,classical
data\spectrograms\classical\classical.00083.png,classical
data\spectrograms\classical\classical.00084.png,classical
data\spectrograms\classical\classical.00084.png,classical
data\spectrograms\classical\classical.00085.png,classical
data\spectrograms\classical\classical.00085.png,classical
data\spectrograms\classical\classical.00086.png,classical
data\spectrograms\classical\classical.00086.png,classical
data\spectrograms\classical\classical.00087.png,classical
data\spectrograms\classical\classical.00087.png,classical
data\spectrograms\classical\classical.00088.png,classical
data\spectrograms\classical\classical.00088.png,classical
data\spectrograms\classical\classical.00089.png,classical
data\spectrograms\classical\classical.00089.png,classical
data\spectrograms\classical\classical.00090.png,classical
data\spectrograms\classical\classical.00090.png,classical
data\spectrograms\classical\classical.00091.png,classical
data\spectrograms\classical\classical.00091.png,classical
data\spectrograms\classical\classical.00092.png,classical
data\spectrograms\classical\classical.00092.png,classical
data\spectrograms\classical\classical.00093.png,classical
data\spectrograms\classical\classical.00093.png,classical
data\spectrograms\classical\classical.00094.png,classical
data\spectrograms\classical\classical.00094.png,classical
data\spectrograms\classical\classical.00095.png,classical
data\spectrograms\classical\classical.00095.png,classical
data\spectrograms\classical\classical.00096.png,classical
data\spectrograms\classical\classical.00096.png,classical
data\spectrograms\classical\classical.00097.png,classical
data\spectrograms\classical\classical.00097.png,classical
data\spectrograms\classical\classical.00098.png,classical
data\spectrograms\classical\classical.00098.png,classical
data\spectrograms\classical\classical.00099.png,classical
data\spectrograms\classical\classical.00099.png,classical
data\spectrograms\country\country.00000.png,country
data\spectrograms\country\country.00000.png,country
data\spectrograms\country\country.00001.png,country
data\spectrograms\country\country.00001.png,country
data\spectrograms\country\country.00002.png,country
data\spectrograms\country\country.00002.png,country
data\spectrograms\country\country.00003.png,country
data\spectrograms\country\country.00003.png,country
data\spectrograms\country\country.00004.png,country
data\spectrograms\country\country.00004.png,country
data\spectrograms\country\country.00005.png,country
data\spectrograms\country\country.00005.png,country
data\spectrograms\country\country.00006.png,country
data\spectrograms\country\country.00006.png,country
data\spectrograms\country\country.00007.png,country
data\spectrograms\country\country.00007.png,country
data\spectrograms\country\country.00008.png,country
data\spectrograms\country\country.00008.png,country
data\spectrograms\country\country.00009.png,country
data\spectrograms\country\country.00009.png,country
data\spectrograms\country\country.00010.png,country
data\spectrograms\country\country.00010.png,country
data\spectrograms\country\country.00011.png,country
data\spectrograms\country\country.00011.png,country
data\spectrograms\country\country.00012.png,country
data\spectrograms\country\country.00012.png,country
data\spectrograms\country\country.00013.png,country
data\spectrograms\country\country.00013.png,country
data\spectrograms\country\country.00014.png,country
data\spectrograms\country\country.00014.png,country
data\spectrograms\country\country.00015.png,country
data\spectrograms\country\country.00015.png,country
data\spectrograms\country\country.00016.png,country
data\spectrograms\country\country.00016.png,country
data\spectrograms\country\country.00017.png,country
data\spectrograms\country\country.00017.png,country
data\spectrograms\country\country.00018.png,country
data\spectrograms\country\country.00018.png,country
data\spectrograms\country\country.00019.png,country
data\spectrograms\country\country.00019.png,country
data\spectrograms\country\country.00020.png,country
data\spectrograms\country\country.00020.png,country
data\spectrograms\country\country.00021.png,country
data\spectrograms\country\country.00021.png,country
data\spectrograms\country\country.00022.png,country
data\spectrograms\country\country.00022.png,country
data\spectrograms\country\country.00023.png,country
data\spectrograms\country\country.00023.png,country
data\spectrograms\country\country.00024.png,country
data\spectrograms\country\country.00024.png,country
data\spectrograms\country\country.00025.png,country
data\spectrograms\country\country.00025.png,country
data\spectrograms\country\country.00026.png,country
data\spectrograms\country\country.00026.png,country
data\spectrograms\country\country.00027.png,country
data\spectrograms\country\country.00027.png,country
data\spectrograms\country\country.00028.png,country
data\spectrograms\country\country.00028.png,country
data\spectrograms\country\country.00029.png,country
data\spectrograms\country\country.00029.png,country
data\spectrograms\country\country.00030.png,country
data\spectrograms\country\country.00030.png,country
data\spectrograms\country\country.00031.png,country
data\spectrograms\country\country.00031.png,country
data\spectrograms\country\country.00032.png,country
data\spectrograms\country\country.00032.png,country
data\spectrograms\country\country.00033.png,country
data\spectrograms\country\country.00033.png,country
data\spectrograms\country\country.00034.png,country
data\spectrograms\country\country.00034.png,country
data\spectrograms\country\country.00035.png,country
data\spectrograms\country\country.00035.png,country
data\spectrograms\country\country.00036.png,country
data\spectrograms\country\country.00036.png,country
data\spectrograms\country\country.00037.png,country
data\spectrograms\country\country.00037.png,country
data\spectrograms\country\country.00038.png,country
data\spectrograms\country\country.00038.png,country
data\spectrograms\country\country.00039.png,country
data\spectrograms\country\country.00039.png,country
data\spectrograms\country\country.00040.png,country
data\spectrograms\country\country.00040.png,country
data\spectrograms\country\country.00041.png,country
data\spectrograms\country\country.00041.png,country
data\spectrograms\country\country.00042.png,country
data\spectrograms\country\country.00042.png,country
data\spectrograms\country\country.00043.png,country
data\spectrograms\country\country.00043.png,country
data\spectrograms\country\country.00044.png,country
data\spectrograms\country\country.00044.png,country
data\spectrograms\country\country.00045.png,country
data\spectrograms\country\country.00045.png,country
data\spectrograms\country\country.00046.png,country
data\spectrograms\country\country.00046.png,country
data\spectrograms\country\country.00047.png,country
data\spectrograms\country\country.00047.png,country
data\spectrograms\country\country.00048.png,country
data\spectrograms\country\country.00048.png,country
data\spectrograms\country\country.00049.png,country
data\spectrograms\country\country.00049.png,country
data\spectrograms\country\country.00050.png,country
data\spectrograms\country\country.00050.png,country
data\spectrograms\country\country.00051.png,country
data\spectrograms\country\country.00051.png,country
data\spectrograms\country\country.00052.png,country
data\spectrograms\country\country.00052.png,country
data\spectrograms\country\country.00053.png,country
data\spectrograms\country\country.00053.png,country
data\spectrograms\country\country.00054.png,country
data\spectrograms\country\country.00054.png,country
data\spectrograms\country\country.00055.png,country
data\spectrograms\country\country.00055.png,country
data\spectrograms\country\country.00056.png,country
data\spectrograms\country\country.00056.png,country
data\spectrograms\country\country.00057.png,country
data\spectrograms\country\country.00057.png,country
data\spectrograms\country\country.00058.png,country
data\spectrograms\country\country.00058.png,country
data\spectrograms\country\country.00059.png,country
data\spectrograms\country\country.00059.png,country
data\spectrograms\country\country.00060.png,country
data\spectrograms\country\country.00060.png,country
data\spectrograms\country\country.00061.png,country
data\spectrograms\country\country.00061.png,country
data\spectrograms\country\country.00062.png,country
data\spectrograms\country\country.00062.png,country
data\spectrograms\country\country.00063.png,country
data\spectrograms\country\country.00063.png,country
data\spectrograms\country\country.00064.png,country
data\spectrograms\country\country.00064.png,country
data\spectrograms\country\country.00065.png,country
data\spectrograms\country\country.00065.png,country
data\spectrograms\country\country.00066.png,country
data\spectrograms\country\country.00066.png,country
data\spectrograms\country\country.00067.png,country
data\spectrograms\country\country.00067.png,country
data\spectrograms\country\country.00068.png,country
data\spectrograms\country\country.00068.png,country
data\spectrograms\country\country.00069.png,country
data\spectrograms\country\country.00069.png,country
data\spectrograms\country\country.00070.png,country
data\spectrograms\country\country.00070.png,country
data\spectrograms\country\country.00071.png,country
data\spectrograms\country\country.00071.png,country
data\spectrograms\country\country.00072.png,country
data\spectrograms\country\country.00072.png,country
data\spectrograms\country\country.00073.png,country
data\spectrograms\country\country.00073.png,country
data\spectrograms\country\country.00074.png,country
data\spectrograms\country\country.00074.png,country
data\spectrograms\country\country.00075.png,country
data\spectrograms\country\country.00075.png,country
data\spectrograms\country\country.00076.png,country
data\spectrograms\country\country.00076.png,country
data\spectrograms\country\country.00077.png,country
data\spectrograms\country\country.00077.png,country
data\spectrograms\country\country.00078.png,country
data\spectrograms\country\country.00078.png,country
data\spectrograms\country\country.00079.png,country
data\spectrograms\country\country.00079.png,country
data\spectrograms\country\country.00080.png,country
data\spectrograms\country\country.00080.png,country
data\spectrograms\country\country.00081.png,country
data\spectrograms\country\country.00081.png,country
data\spectrograms\country\country.00082.png,country
data\spectrograms\country\country.00082.png,country
data\spectrograms\country\country.00083.png,country
data\spectrograms\country\country.00083.png,country
data\spectrograms\country\country.00084.png,country
data\spectrograms\country\country.00084.png,country
data\spectrograms\country\country.00085.png,country
data\spectrograms\country\country.00085.png,country
data\spectrograms\country\country.00086.png,country
data\spectrograms\country\country.00086.png,country
data\spectrograms\country\country.00087.png,country
data\spectrograms\country\country.00087.png,country
data\spectrograms\country\country.00088.png,country
data\spectrograms\country\country.00088.png,country
data\spectrograms\country\country.00089.png,country
data\spectrograms\country\country.00089.png,country
data\spectrograms\country\country.00090.png,country
data\spectrograms\country\country.00090.png,country
data\spectrograms\country\country.00091.png,country
data\spectrograms\country\country.00091.png,country
data\spectrograms\country\country.00092.png,country
data\spectrograms\country\country.00092.png,country
data\spectrograms\country\country.00093.png,country
data\spectrograms\country\country.00093.png,country
data\spectrograms\country\country.00094.png,country
data\spectrograms\country\country.00094.png,country
data\spectrograms\country\country.00095.png,country
data\spectrograms\country\country.00095.png,country
data\spectrograms\country\country.00096.png,country
data\spectrograms\country\country.00096.png,country
data\spectrograms\country\country.00097.png,country
data\spectrograms\country\country.00097.png,country
data\spectrograms\country\country.00098.png,country
data\spectrograms\country\country.00098.png,country
data\spectrograms\country\country.00099.png,country
data\spectrograms\country\country.00099.png,country
data\spectrograms\disco\disco.00000.png,disco
data\spectrograms\disco\disco.00000.png,disco
data\spectrograms\disco\disco.00001.png,disco
data\spectrograms\disco\disco.00001.png,disco
data\spectrograms\disco\disco.00002.png,disco
data\spectrograms\disco\disco.00002.png,disco
data\spectrograms\disco\disco.00003.png,disco
data\spectrograms\disco\disco.00003.png,disco
data\spectrograms\disco\disco.00004.png,disco
data\spectrograms\disco\disco.00004.png,disco
data\spectrograms\disco\disco.00005.png,disco
data\spectrograms\disco\disco.00005.png,disco
data\spectrograms\disco\disco.00006.png,disco
data\spectrograms\disco\disco.00006.png,disco
data\spectrograms\disco\disco.00007.png,disco
data\spectrograms\disco\disco.00007.png,disco
data\spectrograms\disco\disco.00008.png,disco
data\spectrograms\disco\disco.00008.png,disco
data\spectrograms\disco\disco.00009.png,disco
data\spectrograms\disco\disco.00009.png,disco
data\spectrograms\disco\disco.00010.png,disco
data\spectrograms\disco\disco.00010.png,disco
data\spectrograms\disco\disco.00011.png,disco
data\spectrograms\disco\disco.00011.png,disco
data\spectrograms\disco\disco.00012.png,disco
data\spectrograms\disco\disco.00012.png,disco
data\spectrograms\disco\disco.00013.png,disco
data\spectrograms\disco\disco.00013.png,disco
data\spectrograms\disco\disco.00014.png,disco
data\spectrograms\disco\disco.00014.png,disco
data\spectrograms\disco\disco.00015.png,disco
data\spectrograms\disco\disco.00015.png,disco
data\spectrograms\disco\disco.00016.png,disco
data\spectrograms\disco\disco.00016.png,disco
data\spectrograms\disco\disco.00017.png,disco
data\spectrograms\disco\disco.00017.png,disco
data\spectrograms\disco\disco.00018.png,disco
data\spectrograms\disco\disco.00018.png,disco
data\spectrograms\disco\disco.00019.png,disco
data\spectrograms\disco\disco.00019.png,disco
data\spectrograms\disco\disco.00020.png,disco
data\spectrograms\disco\disco.00020.png,disco
data\spectrograms\disco\disco.00021.png,disco
data\spectrograms\disco\disco.00021.png,disco
data\spectrograms\disco\disco.00022.png,disco
data\spectrograms\disco\disco.00022.png,disco
data\spectrograms\disco\disco.00023.png,disco
data\spectrograms\disco\disco.00023.png,disco
data\spectrograms\disco\disco.00024.png,disco
data\spectrograms\disco\disco.00024.png,disco
data\spectrograms\disco\disco.00025.png,disco
data\spectrograms\disco\disco.00025.png,disco
data\spectrograms\disco\disco.00026.png,disco
data\spectrograms\disco\disco.00026.png,disco
data\spectrograms\disco\disco.00027.png,disco
data\spectrograms\disco\disco.00027.png,disco
data\spectrograms\disco\disco.00028.png,disco
data\spectrograms\disco\disco.00028.png,disco
data\spectrograms\disco\disco.00029.png,disco
data\spectrograms\disco\disco.00029.png,disco
data\spectrograms\disco\disco.00030.png,disco
data\spectrograms\disco\disco.00030.png,disco
data\spectrograms\disco\disco.00031.png,disco
data\spectrograms\disco\disco.00031.png,disco
data\spectrograms\disco\disco.00032.png,disco
data\spectrograms\disco\disco.00032.png,disco
data\spectrograms\disco\disco.00033.png,disco
data\spectrograms\disco\disco.00033.png,disco
data\spectrograms\disco\disco.00034.png,disco
data\spectrograms\disco\disco.00034.png,disco
data\spectrograms\disco\disco.00035.png,disco
data\spectrograms\disco\disco.00035.png,disco
data\spectrograms\disco\disco.00036.png,disco
data\spectrograms\disco\disco.00036.png,disco
data\spectrograms\disco\disco.00037.png,disco
data\spectrograms\disco\disco.00037.png,disco
data\spectrograms\disco\disco.00038.png,disco
data\spectrograms\disco\disco.00038.png,disco
data\spectrograms\disco\disco.00039.png,disco
data\spectrograms\disco\disco.00039.png,disco
data\spectrograms\disco\disco.00040.png,disco
data\spectrograms\disco\disco.00040.png,disco
data\spectrograms\disco\disco.00041.png,disco
data\spectrograms\disco\disco.00041.png,disco
data\spectrograms\disco\disco.00042.png,disco
data\spectrograms\disco\disco.00042.png,disco
data\spectrograms\disco\disco.00043.png,disco
data\spectrograms\disco\disco.00043.png,disco
data\spectrograms\disco\disco.00044.png,disco
data\spectrograms\disco\disco.00044.png,disco
data\spectrograms\disco\disco.00045.png,disco
data\spectrograms\disco\disco.00045.png,disco
data\spectrograms\disco\disco.00046.png,disco
data\spectrograms\disco\disco.00046.png,disco
data\spectrograms\disco\disco.00047.png,disco
data\spectrograms\disco\disco.00047.png,disco
data\spectrograms\disco\disco.00048.png,disco
data\spectrograms\disco\disco.00048.png,disco
data\spectrograms\disco\disco.00049.png,disco
data\spectrograms\disco\disco.00049.png,disco
data\spectrograms\disco\disco.00050.png,disco
data\spectrograms\disco\disco.00050.png,disco
data\spectrograms\disco\disco.00051.png,disco
data\spectrograms\disco\disco.00051.png,disco
data\spectrograms\disco\disco.00052.png,disco
data\spectrograms\disco\disco.00052.png,disco
data\spectrograms\disco\disco.00053.png,disco
data\spectrograms\disco\disco.00053.png,disco
data\spectrograms\disco\disco.00054.png,disco
data\spectrograms\disco\disco.00054.png,disco
data\spectrograms\disco\disco.00055.png,disco
data\spectrograms\disco\disco.00055.png,disco
data\spectrograms\disco\disco.00056.png,disco
data\spectrograms\disco\disco.00056.png,disco
data\spectrograms\disco\disco.00057.png,disco
data\spectrograms\disco\disco.00057.png,disco
data\spectrograms\disco\disco.00058.png,disco
data\spectrograms\disco\disco.00058.png,disco
data\spectrograms\disco\disco.00059.png,disco
data\spectrograms\disco\disco.00059.png,disco
data\spectrograms\disco\disco.00060.png,disco
data\spectrograms\disco\disco.00060.png,disco
data\spectrograms\disco\disco.00061.png,disco
data\spectrograms\disco\disco.00061.png,disco
data\spectrograms\disco\disco.00062.png,disco
data\spectrograms\disco\disco.00062.png,disco
data\spectrograms\disco\disco.00063.png,disco
data\spectrograms\disco\disco.00063.png,disco
data\spectrograms\disco\disco.00064.png,disco
data\spectrograms\disco\disco.00064.png,disco
data\spectrograms\disco\disco.00065.png,disco
data\spectrograms\disco\disco.00065.png,disco
data\spectrograms\disco\disco.00066.png,disco
data\spectrograms\disco\disco.00066.png,disco
data\spectrograms\disco\disco.00067.png,disco
data\spectrograms\disco\disco.00067.png,disco
data\spectrograms\disco\disco.00068.png,disco
data\spectrograms\disco\disco.00068.png,disco
data\spectrograms\disco\disco.00069.png,disco
data\spectrograms\disco\disco.00069.png,disco
data\spectrograms\disco\disco.00070.png,disco
data\spectrograms\disco\disco.00070.png,disco
data\spectrograms\disco\disco.00071.png,disco
data\spectrograms\disco\disco.00071.png,disco
data\spectrograms\disco\disco.00072.png,disco
data\spectrograms\disco\disco.00072.png,disco
data\spectrograms\disco\disco.00073.png,disco
data\spectrograms\disco\disco.00073.png,disco
data\spectrograms\disco\disco.00074.png,disco
data\spectrograms\disco\disco.00074.png,disco
data\spectrograms\disco\disco.00075.png,disco
data\spectrograms\disco\disco.00075.png,disco
data\spectrograms\disco\disco.00076.png,disco
data\spectrograms\disco\disco.00076.png,disco
data\spectrograms\disco\disco.00077.png,disco
data\spectrograms\disco\disco.00077.png,disco
data\spectrograms\disco\disco.00078.png,disco
data\spectrograms\disco\disco.00078.png,disco
data\spectrograms\disco\disco.00079.png,disco
data\spectrograms\disco\disco.00079.png,disco
data\spectrograms\disco\disco.00080.png,disco
data\spectrograms\disco\disco.00080.png,disco
data\spectrograms\disco\disco.00081.png,disco
data\spectrograms\disco\disco.00081.png,disco
data\spectrograms\disco\disco.00082.png,disco
data\spectrograms\disco\disco.00082.png,disco
data\spectrograms\disco\disco.00083.png,disco
data\spectrograms\disco\disco.00083.png,disco
data\spectrograms\disco\disco.00084.png,disco
data\spectrograms\disco\disco.00084.png,disco
data\spectrograms\disco\disco.00085.png,disco
data\spectrograms\disco\disco.00085.png,disco
data\spectrograms\disco\disco.00086.png,disco
data\spectrograms\disco\disco.00086.png,disco
data\spectrograms\disco\disco.00087.png,disco
data\spectrograms\disco\disco.00087.png,disco
data\spectrograms\disco\disco.00088.png,disco
data\spectrograms\disco\disco.00088.png,disco
data\spectrograms\disco\disco.00089.png,disco
data\spectrograms\disco\disco.00089.png,disco
data\spectrograms\disco\disco.00090.png,disco
data\spectrograms\disco\disco.00090.png,disco
data\spectrograms\disco\disco.00091.png,disco
data\spectrograms\disco\disco.00091.png,disco
data\spectrograms\disco\disco.00092.png,disco
data\spectrograms\disco\disco.00092.png,disco
data\spectrograms\disco\disco.00093.png,disco
data\spectrograms\disco\disco.00093.png,disco
data\spectrograms\disco\disco.00094.png,disco
data\spectrograms\disco\disco.00094.png,disco
data\spectrograms\disco\disco.00095.png,disco
data\spectrograms\disco\disco.00095.png,disco
data\spectrograms\disco\disco.00096.png,disco
data\spectrograms\disco\disco.00096.png,disco
data\spectrograms\disco\disco.00097.png,disco
data\spectrograms\disco\disco.00097.png,disco
data\spectrograms\disco\disco.00098.png,disco
data\spectrograms\disco\disco.00098.png,disco
data\spectrograms\disco\disco.00099.png,disco
data\spectrograms\disco\disco.00099.png,disco
data\spectrograms\hiphop\hiphop.00000.png,hiphop
data\spectrograms\hiphop\hiphop.00000.png,hiphop
data\spectrograms\hiphop\hiphop.00001.png,hiphop
data\spectrograms\hiphop\hiphop.00001.png,hiphop
data\spectrograms\hiphop\hiphop.00002.png,hiphop
data\spectrograms\hiphop\hiphop.00002.png,hiphop
data\spectrograms\hiphop\hiphop.00003.png,hiphop
data\spectrograms\hiphop\hiphop.00003.png,hiphop
data\spectrograms\hiphop\hiphop.00004.png,hiphop
data\spectrograms\hiphop\hiphop.00004.png,hiphop
data\spectrograms\hiphop\hiphop.00005.png,hiphop
data\spectrograms\hiphop\hiphop.00005.png,hiphop
data\spectrograms\hiphop\hiphop.00006.png,hiphop
data\spectrograms\hiphop\hiphop.00006.png,hiphop
data\spectrograms\hiphop\hiphop.00007.png,hiphop
data\spectrograms\hiphop\hiphop.00007.png,hiphop
data\spectrograms\hiphop\hiphop.00008.png,hiphop
data\spectrograms\hiphop\hiphop.00008.png,hiphop
data\spectrograms\hiphop\hiphop.00009.png,hiphop
data\spectrograms\hiphop\hiphop.00009.png,hiphop
data\spectrograms\hiphop\hiphop.00010.png,hiphop
data\spectrograms\hiphop\hiphop.00010.png,hiphop
data\spectrograms\hiphop\hiphop.00011.png,hiphop
data\spectrograms\hiphop\hiphop.00011.png,hiphop
data\spectrograms\hiphop\hiphop.00012.png,hiphop
data\spectrograms\hiphop\hiphop.00012.png,hiphop
data\spectrograms\hiphop\hiphop.00013.png,hiphop
data\spectrograms\hiphop\hiphop.00013.png,hiphop
data\spectrograms\hiphop\hiphop.00014.png,hiphop
data\spectrograms\hiphop\hiphop.00014.png,hiphop
data\spectrograms\hiphop\hiphop.00015.png,hiphop
data\spectrograms\hiphop\hiphop.00015.png,hiphop
data\spectrograms\hiphop\hiphop.00016.png,hiphop
data\spectrograms\hiphop\hiphop.00016.png,hiphop
data\spectrograms\hiphop\hiphop.00017.png,hiphop
data\spectrograms\hiphop\hiphop.00017.png,hiphop
data\spectrograms\hiphop\hiphop.00018.png,hiphop
data\spectrograms\hiphop\hiphop.00018.png,hiphop
data\spectrograms\hiphop\hiphop.00019.png,hiphop
data\spectrograms\hiphop\hiphop.00019.png,hiphop
data\spectrograms\hiphop\hiphop.00020.png,hiphop
data\spectrograms\hiphop\hiphop.00020.png,hiphop
data\spectrograms\hiphop\hiphop.00021.png,hiphop
data\spectrograms\hiphop\hiphop.00021.png,hiphop
data\spectrograms\hiphop\hiphop.00022.png,hiphop
data\spectrograms\hiphop\hiphop.00022.png,hiphop
data\spectrograms\hiphop\hiphop.00023.png,hiphop
data\spectrograms\hiphop\hiphop.00023.png,hiphop
data\spectrograms\hiphop\hiphop.00024.png,hiphop
data\spectrograms\hiphop\hiphop.00024.png,hiphop
data\spectrograms\hiphop\hiphop.00025.png,hiphop
data\spectrograms\hiphop\hiphop.00025.png,hiphop
data\spectrograms\hiphop\hiphop.00026.png,hiphop
data\spectrograms\hiphop\hiphop.00026.png,hiphop
data\spectrograms\hiphop\hiphop.00027.png,hiphop
data\spectrograms\hiphop\hiphop.00027.png,hiphop
data\spectrograms\hiphop\hiphop.00028.png,hiphop
data\spectrograms\hiphop\hiphop.00028.png,hiphop
data\spectrograms\hiphop\hiphop.00029.png,hiphop
data\spectrograms\hiphop\hiphop.00029.png,hiphop
data\spectrograms\hiphop\hiphop.00030.png,hiphop
data\spectrograms\hiphop\hiphop.00030.png,hiphop
data\spectrograms\hiphop\hiphop.00031.png,hiphop
data\spectrograms\hiphop\hiphop.00031.png,hiphop
data\spectrograms\hiphop\hiphop.00032.png,hiphop
data\spectrograms\hiphop\hiphop.00032.png,hiphop
data\spectrograms\hiphop\hiphop.00033.png,hiphop
data\spectrograms\hiphop\hiphop.00033.png,hiphop
data\spectrograms\hiphop\hiphop.00034.png,hiphop
data\spectrograms\hiphop\hiphop.00034.png,hiphop
data\spectrograms\hiphop\hiphop.00035.png,hiphop
data\spectrograms\hiphop\hiphop.00035.png,hiphop
data\spectrograms\hiphop\hiphop.00036.png,hiphop
data\spectrograms\hiphop\hiphop.00036.png,hiphop
data\spectrograms\hiphop\hiphop.00037.png,hiphop
data\spectrograms\hiphop\hiphop.00037.png,hiphop
data\spectrograms\hiphop\hiphop.00038.png,hiphop
data\spectrograms\hiphop\hiphop.00038.png,hiphop
data\spectrograms\hiphop\hiphop.00039.png,hiphop
data\spectrograms\hiphop\hiphop.00039.png,hiphop
data\spectrograms\hiphop\hiphop.00040.png,hiphop
data\spectrograms\hiphop\hiphop.00040.png,hiphop
data\spectrograms\hiphop\hiphop.00041.png,hiphop
data\spectrograms\hiphop\hiphop.00041.png,hiphop
data\spectrograms\hiphop\hiphop.00042.png,hiphop
data\spectrograms\hiphop\hiphop.00042.png,hiphop
data\spectrograms\hiphop\hiphop.00043.png,hiphop
data\spectrograms\hiphop\hiphop.00043.png,hiphop
data\spectrograms\hiphop\hiphop.00044.png,hiphop
data\spectrograms\hiphop\hiphop.00044.png,hiphop
data\spectrograms\hiphop\hiphop.00045.png,hiphop
data\spectrograms\hiphop\hiphop.00045.png,hiphop
data\spectrograms\hiphop\hiphop.00046.png,hiphop
data\spectrograms\hiphop\hiphop.00046.png,hiphop
data\spectrograms\hiphop\hiphop.00047.png,hiphop
data\spectrograms\hiphop\hiphop.00047.png,hiphop
data\spectrograms\hiphop\hiphop.00048.png,hiphop
data\spectrograms\hiphop\hiphop.00048.png,hiphop
data\spectrograms\hiphop\hiphop.00049.png,hiphop
data\spectrograms\hiphop\hiphop.00049.png,hiphop
data\spectrograms\hiphop\hiphop.00050.png,hiphop
data\spectrograms\hiphop\hiphop.00050.png,hiphop
data\spectrograms\hiphop\hiphop.00051.png,hiphop
data\spectrograms\hiphop\hiphop.00051.png,hiphop
data\spectrograms\hiphop\hiphop.00052.png,hiphop
data\spectrograms\hiphop\hiphop.00052.png,hiphop
data\spectrograms\hiphop\hiphop.00053.png,hiphop
data\spectrograms\hiphop\hiphop.00053.png,hiphop
data\spectrograms\hiphop\hiphop.00054.png,hiphop
data\spectrograms\hiphop\hiphop.00054.png,hiphop
data\spectrograms\hiphop\hiphop.00055.png,hiphop
data\spectrograms\hiphop\hiphop.00055.png,hiphop
data\spectrograms\hiphop\hiphop.00056.png,hiphop
data\spectrograms\hiphop\hiphop.00056.png,hiphop
data\spectrograms\hiphop\hiphop.00057.png,hiphop
data\spectrograms\hiphop\hiphop.00057.png,hiphop
data\spectrograms\hiphop\hiphop.00058.png,hiphop
data\spectrograms\hiphop\hiphop.00058.png,hiphop
data\spectrograms\hiphop\hiphop.00059.png,hiphop
data\spectrograms\hiphop\hiphop.00059.png,hiphop
data\spectrograms\hiphop\hiphop.00060.png,hiphop
data\spectrograms\hiphop\hiphop.00060.png,hiphop
data\spectrograms\hiphop\hiphop.00061.png,hiphop
data\spectrograms\hiphop\hiphop.00061.png,hiphop
data\spectrograms\hiphop\hiphop.00062.png,hiphop
data\spectrograms\hiphop\hiphop.00062.png,hiphop
data\spectrograms\hiphop\hiphop.00063.png,hiphop
data\spectrograms\hiphop\hiphop.00063.png,hiphop
data\spectrograms\hiphop\hiphop.00064.png,hiphop
data\spectrograms\hiphop\hiphop.00064.png,hiphop
data\spectrograms\hiphop\hiphop.00065.png,hiphop
data\spectrograms\hiphop\hiphop.00065.png,hiphop
data\spectrograms\hiphop\hiphop.00066.png,hiphop
data\spectrograms\hiphop\hiphop.00066.png,hiphop
data\spectrograms\hiphop\hiphop.00067.png,hiphop
data\spectrograms\hiphop\hiphop.00067.png,hiphop
data\spectrograms\hiphop\hiphop.00068.png,hiphop
data\spectrograms\hiphop\hiphop.00068.png,hiphop
data\spectrograms\hiphop\hiphop.00069.png,hiphop
data\spectrograms\hiphop\hiphop.00069.png,hiphop
data\spectrograms\hiphop\hiphop.00070.png,hiphop
data\spectrograms\hiphop\hiphop.00070.png,hiphop
data\spectrograms\hiphop\hiphop.00071.png,hiphop
data\spectrograms\hiphop\hiphop.00071.png,hiphop
data\spectrograms\hiphop\hiphop.00072.png,hiphop
data\spectrograms\hiphop\hiphop.00072.png,hiphop
data\spectrograms\hiphop\hiphop.00073.png,hiphop
data\spectrograms\hiphop\hiphop.00073.png,hiphop
data\spectrograms\hiphop\hiphop.00074.png,hiphop
data\spectrograms\hiphop\hiphop.00074.png,hiphop
data\spectrograms\hiphop\hiphop.00075.png,hiphop
data\spectrograms\hiphop\hiphop.00075.png,hiphop
data\spectrograms\hiphop\hiphop.00076.png,hiphop
data\spectrograms\hiphop\hiphop.00076.png,hiphop
data\spectrograms\hiphop\hiphop.00077.png,hiphop
data\spectrograms\hiphop\hiphop.00077.png,hiphop
data\spectrograms\hiphop\hiphop.00078.png,hiphop
data\spectrograms\hiphop\hiphop.00078.png,hiphop
data\spectrograms\hiphop\hiphop.00079.png,hiphop
data\spectrograms\hiphop\hiphop.00079.png,hiphop
data\spectrograms\hiphop\hiphop.00080.png,hiphop
data\spectrograms\hiphop\hiphop.00080.png,hiphop
data\spectrograms\hiphop\hiphop.00081.png,hiphop
data\spectrograms\hiphop\hiphop.00081.png,hiphop
data\spectrograms\hiphop\hiphop.00082.png,hiphop
data\spectrograms\hiphop\hiphop.00082.png,hiphop
data\spectrograms\hiphop\hiphop.00083.png,hiphop
data\spectrograms\hiphop\hiphop.00083.png,hiphop
data\spectrograms\hiphop\hiphop.00084.png,hiphop
data\spectrograms\hiphop\hiphop.00084.png,hiphop
data\spectrograms\hiphop\hiphop.00085.png,hiphop
data\spectrograms\hiphop\hiphop.00085.png,hiphop
data\spectrograms\hiphop\hiphop.00086.png,hiphop
data\spectrograms\hiphop\hiphop.00086.png,hiphop
data\spectrograms\hiphop\hiphop.00087.png,hiphop
data\spectrograms\hiphop\hiphop.00087.png,hiphop
data\spectrograms\hiphop\hiphop.00088.png,hiphop
data\spectrograms\hiphop\hiphop.00088.png,hiphop
data\spectrograms\hiphop\hiphop.00089.png,hiphop
data\spectrograms\hiphop\hiphop.00089.png,hiphop
data\spectrograms\hiphop\hiphop.00090.png,hiphop
data\spectrograms\hiphop\hiphop.00090.png,hiphop
data\spectrograms\hiphop\hiphop.00091.png,hiphop
data\spectrograms\hiphop\hiphop.00091.png,hiphop
data\spectrograms\hiphop\hiphop.00092.png,hiphop
data\spectrograms\hiphop\hiphop.00092.png,hiphop
data\spectrograms\hiphop\hiphop.00093.png,hiphop
data\spectrograms\hiphop\hiphop.00093.png,hiphop
data\spectrograms\hiphop\hiphop.00094.png,hiphop
data\spectrograms\hiphop\hiphop.00094.png,hiphop
data\spectrograms\hiphop\hiphop.00095.png,hiphop
data\spectrograms\hiphop\hiphop.00095.png,hiphop
data\spectrograms\hiphop\hiphop.00096.png,hiphop
data\spectrograms\hiphop\hiphop.00096.png,hiphop
data\spectrograms\hiphop\hiphop.00097.png,hiphop
data\spectrograms\hiphop\hiphop.00097.png,hiphop
data\spectrograms\hiphop\hiphop.00098.png,hiphop
data\spectrograms\hiphop\hiphop.00098.png,hiphop
data\spectrograms\hiphop\hiphop.00099.png,hiphop
data\spectrograms\hiphop\hiphop.00099.png,hiphop
data\spectrograms\jazz\jazz.00000.png,jazz
data\spectrograms\jazz\jazz.00000.png,jazz
data\spectrograms\jazz\jazz.00001.png,jazz
data\spectrograms\jazz\jazz.00001.png,jazz
data\spectrograms\jazz\jazz.00002.png,jazz
data\spectrograms\jazz\jazz.00002.png,jazz
data\spectrograms\jazz\jazz.00003.png,jazz
data\spectrograms\jazz\jazz.00003.png,jazz
data\spectrograms\jazz\jazz.00004.png,jazz
data\spectrograms\jazz\jazz.00004.png,jazz
data\spectrograms\jazz\jazz.00005.png,jazz
data\spectrograms\jazz\jazz.00005.png,jazz
data\spectrograms\jazz\jazz.00006.png,jazz
data\spectrograms\jazz\jazz.00006.png,jazz
data\spectrograms\jazz\jazz.00007.png,jazz
data\spectrograms\jazz\jazz.00007.png,jazz
data\spectrograms\jazz\jazz.00008.png,jazz
data\spectrograms\jazz\jazz.00008.png,jazz
data\spectrograms\jazz\jazz.00009.png,jazz
data\spectrograms\jazz\jazz.00009.png,jazz
data\spectrograms\jazz\jazz.00010.png,jazz
data\spectrograms\jazz\jazz.00010.png,jazz
data\spectrograms\jazz\jazz.00011.png,jazz
data\spectrograms\jazz\jazz.00011.png,jazz
data\spectrograms\jazz\jazz.00012.png,jazz
data\spectrograms\jazz\jazz.00012.png,jazz
data\spectrograms\jazz\jazz.00013.png,jazz
data\spectrograms\jazz\jazz.00013.png,jazz
data\spectrograms\jazz\jazz.00014.png,jazz
data\spectrograms\jazz\jazz.00014.png,jazz
data\spectrograms\jazz\jazz.00015.png,jazz
data\spectrograms\jazz\jazz.00015.png,jazz
data\spectrograms\jazz\jazz.00016.png,jazz
data\spectrograms\jazz\jazz.00016.png,jazz
data\spectrograms\jazz\jazz.00017.png,jazz
data\spectrograms\jazz\jazz.00017.png,jazz
data\spectrograms\jazz\jazz.00018.png,jazz
data\spectrograms\jazz\jazz.00018.png,jazz
data\spectrograms\jazz\jazz.00019.png,jazz
data\spectrograms\jazz\jazz.00019.png,jazz
data\spectrograms\jazz\jazz.00020.png,jazz
data\spectrograms\jazz\jazz.00020.png,jazz
data\spectrograms\jazz\jazz.00021.png,jazz
data\spectrograms\jazz\jazz.00021.png,jazz
data\spectrograms\jazz\jazz.00022.png,jazz
data\spectrograms\jazz\jazz.00022.png,jazz
data\spectrograms\jazz\jazz.00023.png,jazz
data\spectrograms\jazz\jazz.00023.png,jazz
data\spectrograms\jazz\jazz.00024.png,jazz
data\spectrograms\jazz\jazz.00024.png,jazz
data\spectrograms\jazz\jazz.00025.png,jazz
data\spectrograms\jazz\jazz.00025.png,jazz
data\spectrograms\jazz\jazz.00026.png,jazz
data\spectrograms\jazz\jazz.00026.png,jazz
data\spectrograms\jazz\jazz.00027.png,jazz
data\spectrograms\jazz\jazz.00027.png,jazz
data\spectrograms\jazz\jazz.00028.png,jazz
data\spectrograms\jazz\jazz.00028.png,jazz
data\spectrograms\jazz\jazz.00029.png,jazz
data\spectrograms\jazz\jazz.00029.png,jazz
data\spectrograms\jazz\jazz.00030.png,jazz
data\spectrograms\jazz\jazz.00030.png,jazz
data\spectrograms\jazz\jazz.00031.png,jazz
data\spectrograms\jazz\jazz.00031.png,jazz
data\spectrograms\jazz\jazz.00032.png,jazz
data\spectrograms\jazz\jazz.00032.png,jazz
data\spectrograms\jazz\jazz.00033.png,jazz
data\spectrograms\jazz\jazz.00033.png,jazz
data\spectrograms\jazz\jazz.00034.png,jazz
data\spectrograms\jazz\jazz.00034.png,jazz
data\spectrograms\jazz\jazz.00035.png,jazz
data\spectrograms\jazz\jazz.00035.png,jazz
data\spectrograms\jazz\jazz.00036.png,jazz
data\spectrograms\jazz\jazz.00036.png,jazz
data\spectrograms\jazz\jazz.00037.png,jazz
data\spectrograms\jazz\jazz.00037.png,jazz
data\spectrograms\jazz\jazz.00038.png,jazz
data\spectrograms\jazz\jazz.00038.png,jazz
data\spectrograms\jazz\jazz.00039.png,jazz
data\spectrograms\jazz\jazz.00039.png,jazz
data\spectrograms\jazz\jazz.00040.png,jazz
data\spectrograms\jazz\jazz.00040.png,jazz
data\spectrograms\jazz\jazz.00041.png,jazz
data\spectrograms\jazz\jazz.00041.png,jazz
data\spectrograms\jazz\jazz.00042.png,jazz
data\spectrograms\jazz\jazz.00042.png,jazz
data\spectrograms\jazz\jazz.00043.png,jazz
data\spectrograms\jazz\jazz.00043.png,jazz
data\spectrograms\jazz\jazz.00044.png,jazz
data\spectrograms\jazz\jazz.00044.png,jazz
data\spectrograms\jazz\jazz.00045.png,jazz
data\spectrograms\jazz\jazz.00045.png,jazz
data\spectrograms\jazz\jazz.00046.png,jazz
data\spectrograms\jazz\jazz.00046.png,jazz
data\spectrograms\jazz\jazz.00047.png,jazz
data\spectrograms\jazz\jazz.00047.png,jazz
data\spectrograms\jazz\jazz.00048.png,jazz
data\spectrograms\jazz\jazz.00048.png,jazz
data\spectrograms\jazz\jazz.00049.png,jazz
data\spectrograms\jazz\jazz.00049.png,jazz
data\spectrograms\jazz\jazz.00050.png,jazz
data\spectrograms\jazz\jazz.00050.png,jazz
data\spectrograms\jazz\jazz.00051.png,jazz
data\spectrograms\jazz\jazz.00051.png,jazz
data\spectrograms\jazz\jazz.00052.png,jazz
data\spectrograms\jazz\jazz.00052.png,jazz
data\spectrograms\jazz\jazz.00053.png,jazz
data\spectrograms\jazz\jazz.00053.png,jazz
data\spectrograms\jazz\jazz.00055.png,jazz
data\spectrograms\jazz\jazz.00055.png,jazz
data\spectrograms\jazz\jazz.00056.png,jazz
data\spectrograms\jazz\jazz.00056.png,jazz
data\spectrograms\jazz\jazz.00057.png,jazz
data\spectrograms\jazz\jazz.00057.png,jazz
data\spectrograms\jazz\jazz.00058.png,jazz
data\spectrograms\jazz\jazz.00058.png,jazz
data\spectrograms\jazz\jazz.00059.png,jazz
data\spectrograms\jazz\jazz.00059.png,jazz
data\spectrograms\jazz\jazz.00060.png,jazz
data\spectrograms\jazz\jazz.00060.png,jazz
data\spectrograms\jazz\jazz.00061.png,jazz
data\spectrograms\jazz\jazz.00061.png,jazz
data\spectrograms\jazz\jazz.00062.png,jazz
data\spectrograms\jazz\jazz.00062.png,jazz
data\spectrograms\jazz\jazz.00063.png,jazz
data\spectrograms\jazz\jazz.00063.png,jazz
data\spectrograms\jazz\jazz.00064.png,jazz
data\spectrograms\jazz\jazz.00064.png,jazz
data\spectrograms\jazz\jazz.00065.png,jazz
data\spectrograms\jazz\jazz.00065.png,jazz
data\spectrograms\jazz\jazz.00066.png,jazz
data\spectrograms\jazz\jazz.00066.png,jazz
data\spectrograms\jazz\jazz.00067.png,jazz
data\spectrograms\jazz\jazz.00067.png,jazz
data\spectrograms\jazz\jazz.00068.png,jazz
data\spectrograms\jazz\jazz.00068.png,jazz
data\spectrograms\jazz\jazz.00069.png,jazz
data\spectrograms\jazz\jazz.00069.png,jazz
data\spectrograms\jazz\jazz.00070.png,jazz
data\spectrograms\jazz\jazz.00070.png,jazz
data\spectrograms\jazz\jazz.00071.png,jazz
data\spectrograms\jazz\jazz.00071.png,jazz
data\spectrograms\jazz\jazz.00072.png,jazz
data\spectrograms\jazz\jazz.00072.png,jazz
data\spectrograms\jazz\jazz.00073.png,jazz
data\spectrograms\jazz\jazz.00073.png,jazz
data\spectrograms\jazz\jazz.00074.png,jazz
data\spectrograms\jazz\jazz.00074.png,jazz
data\spectrograms\jazz\jazz.00075.png,jazz
data\spectrograms\jazz\jazz.00075.png,jazz
data\spectrograms\jazz\jazz.00076.png,jazz
data\spectrograms\jazz\jazz.00076.png,jazz
data\spectrograms\jazz\jazz.00077.png,jazz
data\spectrograms\jazz\jazz.00077.png,jazz
data\spectrograms\jazz\jazz.00078.png,jazz
data\spectrograms\jazz\jazz.00078.png,jazz
data\spectrograms\jazz\jazz.00079.png,jazz
data\spectrograms\jazz\jazz.00079.png,jazz
data\spectrograms\jazz\jazz.00080.png,jazz
data\spectrograms\jazz\jazz.00080.png,jazz
data\spectrograms\jazz\jazz.00081.png,jazz
data\spectrograms\jazz\jazz.00081.png,jazz
data\spectrograms\jazz\jazz.00082.png,jazz
data\spectrograms\jazz\jazz.00082.png,jazz
data\spectrograms\jazz\jazz.00083.png,jazz
data\spectrograms\jazz\jazz.00083.png,jazz
data\spectrograms\jazz\jazz.00084.png,jazz
data\spectrograms\jazz\jazz.00084.png,jazz
data\spectrograms\jazz\jazz.00085.png,jazz
data\spectrograms\jazz\jazz.00085.png,jazz
data\spectrograms\jazz\jazz.00086.png,jazz
data\spectrograms\jazz\jazz.00086.png,jazz
data\spectrograms\jazz\jazz.00087.png,jazz
data\spectrograms\jazz\jazz.00087.png,jazz
data\spectrograms\jazz\jazz.00088.png,jazz
data\spectrograms\jazz\jazz.00088.png,jazz
data\spectrograms\jazz\jazz.00089.png,jazz
data\spectrograms\jazz\jazz.00089.png,jazz
data\spectrograms\jazz\jazz.00090.png,jazz
data\spectrograms\jazz\jazz.00090.png,jazz
data\spectrograms\jazz\jazz.00091.png,jazz
data\spectrograms\jazz\jazz.00091.png,jazz
data\spectrograms\jazz\jazz.00092.png,jazz
data\spectrograms\jazz\jazz.00092.png,jazz
data\spectrograms\jazz\jazz.00093.png,jazz
data\spectrograms\jazz\jazz.00093.png,jazz
data\spectrograms\jazz\jazz.00094.png,jazz
data\spectrograms\jazz\jazz.00094.png,jazz
data\spectrograms\jazz\jazz.00095.png,jazz
data\spectrograms\jazz\jazz.00095.png,jazz
data\spectrograms\jazz\jazz.00096.png,jazz
data\spectrograms\jazz\jazz.00096.png,jazz
data\spectrograms\jazz\jazz.00097.png,jazz
data\spectrograms\jazz\jazz.00097.png,jazz
data\spectrograms\jazz\jazz.00098.png,jazz
data\spectrograms\jazz\jazz.00098.png,jazz
data\spectrograms\jazz\jazz.00099.png,jazz
data\spectrograms\jazz\jazz.00099.png,jazz
data\spectrograms\metal\metal.00000.png,metal
data\spectrograms\metal\metal.00000.png,metal
data\spectrograms\metal\metal.00001.png,metal
data\spectrograms\metal\metal.00001.png,metal
data\spectrograms\metal\metal.00002.png,metal
data\spectrograms\metal\metal.00002.png,metal
data\spectrograms\metal\metal.00003.png,metal
data\spectrograms\metal\metal.00003.png,metal
data\spectrograms\metal\metal.00004.png,metal
data\spectrograms\metal\metal.00004.png,metal
data\spectrograms\metal\metal.00005.png,metal
data\spectrograms\metal\metal.00005.png,metal
data\spectrograms\metal\metal.00006.png,metal
data\spectrograms\metal\metal.00006.png,metal
data\spectrograms\metal\metal.00007.png,metal
data\spectrograms\metal\metal.00007.png,metal
data\spectrograms\metal\metal.00008.png,metal
data\spectrograms\metal\metal.00008.png,metal
data\spectrograms\metal\metal.00009.png,metal
data\spectrograms\metal\metal.00009.png,metal
data\spectrograms\metal\metal.00010.png,metal
data\spectrograms\metal\metal.00010.png,metal
data\spectrograms\metal\metal.00011.png,metal
data\spectrograms\metal\metal.00011.png,metal
data\spectrograms\metal\metal.00012.png,metal
data\spectrograms\metal\metal.00012.png,metal
data\spectrograms\metal\metal.00013.png,metal
data\spectrograms\metal\metal.00013.png,metal
data\spectrograms\metal\metal.00014.png,metal
data\spectrograms\metal\metal.00014.png,metal
data\spectrograms\metal\metal.00015.png,metal
data\spectrograms\metal\metal.00015.png,metal
data\spectrograms\metal\metal.00016.png,metal
data\spectrograms\metal\metal.00016.png,metal
data\spectrograms\metal\metal.00017.png,metal
data\spectrograms\metal\metal.00017.png,metal
data\spectrograms\metal\metal.00018.png,metal
data\spectrograms\metal\metal.00018.png,metal
data\spectrograms\metal\metal.00019.png,metal
data\spectrograms\metal\metal.00019.png,metal
data\spectrograms\metal\metal.00020.png,metal
data\spectrograms\metal\metal.00020.png,metal
data\spectrograms\metal\metal.00021.png,metal
data\spectrograms\metal\metal.00021.png,metal
data\spectrograms\metal\metal.00022.png,metal
data\spectrograms\metal\metal.00022.png,metal
data\spectrograms\metal\metal.00023.png,metal
data\spectrograms\metal\metal.00023.png,metal
data\spectrograms\metal\metal.00024.png,metal
data\spectrograms\metal\metal.00024.png,metal
data\spectrograms\metal\metal.00025.png,metal
data\spectrograms\metal\metal.00025.png,metal
data\spectrograms\metal\metal.00026.png,metal
data\spectrograms\metal\metal.00026.png,metal
data\spectrograms\metal\metal.00027.png,metal
data\spectrograms\metal\metal.00027.png,metal
data\spectrograms\metal\metal.00028.png,metal
data\spectrograms\metal\metal.00028.png,metal
data\spectrograms\metal\metal.00029.png,metal
data\spectrograms\metal\metal.00029.png,metal
data\spectrograms\metal\metal.00030.png,metal
data\spectrograms\metal\metal.00030.png,metal
data\spectrograms\metal\metal.00031.png,metal
data\spectrograms\metal\metal.00031.png,metal
data\spectrograms\metal\metal.00032.png,metal
data\spectrograms\metal\metal.00032.png,metal
data\spectrograms\metal\metal.00033.png,metal
data\spectrograms\metal\metal.00033.png,metal
data\spectrograms\metal\metal.00034.png,metal
data\spectrograms\metal\metal.00034.png,metal
data\spectrograms\metal\metal.00035.png,metal
data\spectrograms\metal\metal.00035.png,metal
data\spectrograms\metal\metal.00036.png,metal
data\spectrograms\metal\metal.00036.png,metal
data\spectrograms\metal\metal.00037.png,metal
data\spectrograms\metal\metal.00037.png,metal
data\spectrograms\metal\metal.00038.png,metal
data\spectrograms\metal\metal.00038.png,metal
data\spectrograms\metal\metal.00039.png,metal
data\spectrograms\metal\metal.00039.png,metal
data\spectrograms\metal\metal.00040.png,metal
data\spectrograms\metal\metal.00040.png,metal
data\spectrograms\metal\metal.00041.png,metal
data\spectrograms\metal\metal.00041.png,metal
data\spectrograms\metal\metal.00042.png,metal
data\spectrograms\metal\metal.00042.png,metal
data\spectrograms\metal\metal.00043.png,metal
data\spectrograms\metal\metal.00043.png,metal
data\spectrograms\metal\metal.00044.png,metal
data\spectrograms\metal\metal.00044.png,metal
data\spectrograms\metal\metal.00045.png,metal
data\spectrograms\metal\metal.00045.png,metal
data\spectrograms\metal\metal.00046.png,metal
data\spectrograms\metal\metal.00046.png,metal
data\spectrograms\metal\metal.00047.png,metal
data\spectrograms\metal\metal.00047.png,metal
data\spectrograms\metal\metal.00048.png,metal
data\spectrograms\metal\metal.00048.png,metal
data\spectrograms\metal\metal.00049.png,metal
data\spectrograms\metal\metal.00049.png,metal
data\spectrograms\metal\metal.00050.png,metal
data\spectrograms\metal\metal.00050.png,metal
data\spectrograms\metal\metal.00051.png,metal
data\spectrograms\metal\metal.00051.png,metal
data\spectrograms\metal\metal.00052.png,metal
data\spectrograms\metal\metal.00052.png,metal
data\spectrograms\metal\metal.00053.png,metal
data\spectrograms\metal\metal.00053.png,metal
data\spectrograms\metal\metal.00054.png,metal
data\spectrograms\metal\metal.00054.png,metal
data\spectrograms\metal\metal.00055.png,metal
data\spectrograms\metal\metal.00055.png,metal
data\spectrograms\metal\metal.00056.png,metal
data\spectrograms\metal\metal.00056.png,metal
data\spectrograms\metal\metal.00057.png,metal
data\spectrograms\metal\metal.00057.png,metal
data\spectrograms\metal\metal.00058.png,metal
data\spectrograms\metal\metal.00058.png,metal
data\spectrograms\metal\metal.00059.png,metal
data\spectrograms\metal\metal.00059.png,metal
data\spectrograms\metal\metal.00060.png,metal
data\spectrograms\metal\metal.00060.png,metal
data\spectrograms\metal\metal.00061.png,metal
data\spectrograms\metal\metal.00061.png,metal
data\spectrograms\metal\metal.00062.png,metal
data\spectrograms\metal\metal.00062.png,metal
data\spectrograms\metal\metal.00063.png,metal
data\spectrograms\metal\metal.00063.png,metal
data\spectrograms\metal\metal.00064.png,metal
data\spectrograms\metal\metal.00064.png,metal
data\spectrograms\metal\metal.00065.png,metal
data\spectrograms\metal\metal.00065.png,metal
data\spectrograms\metal\metal.00066.png,metal
data\spectrograms\metal\metal.00066.png,metal
data\spectrograms\metal\metal.00067.png,metal
data\spectrograms\metal\metal.00067.png,metal
data\spectrograms\metal\metal.00068.png,metal
data\spectrograms\metal\metal.00068.png,metal
data\spectrograms\metal\metal.00069.png,metal
data\spectrograms\metal\metal.00069.png,metal
data\spectrograms\metal\metal.00070.png,metal
data\spectrograms\metal\metal.00070.png,metal
data\spectrograms\metal\metal.00071.png,metal
data\spectrograms\metal\metal.00071.png,metal
data\spectrograms\metal\metal.00072.png,metal
data\spectrograms\metal\metal.00072.png,metal
data\spectrograms\metal\metal.00073.png,metal
data\spectrograms\metal\metal.00073.png,metal
data\spectrograms\metal\metal.00074.png,metal
data\spectrograms\metal\metal.00074.png,metal
data\spectrograms\metal\metal.00075.png,metal
data\spectrograms\metal\metal.00075.png,metal
data\spectrograms\metal\metal.00076.png,metal
data\spectrograms\metal\metal.00076.png,metal
data\spectrograms\metal\metal.00077.png,metal
data\spectrograms\metal\metal.00077.png,metal
data\spectrograms\metal\metal.00078.png,metal
data\spectrograms\metal\metal.00078.png,metal
data\spectrograms\metal\metal.00079.png,metal
data\spectrograms\metal\metal.00079.png,metal
data\spectrograms\metal\metal.00080.png,metal
data\spectrograms\metal\metal.00080.png,metal
data\spectrograms\metal\metal.00081.png,metal
data\spectrograms\metal\metal.00081.png,metal
data\spectrograms\metal\metal.00082.png,metal
data\spectrograms\metal\metal.00082.png,metal
data\spectrograms\metal\metal.00083.png,metal
data\spectrograms\metal\metal.00083.png,metal
data\spectrograms\metal\metal.00084.png,metal
data\spectrograms\metal\metal.00084.png,metal
data\spectrograms\metal\metal.00085.png,metal
data\spectrograms\metal\metal.00085.png,metal
data\spectrograms\metal\metal.00086.png,metal
data\spectrograms\metal\metal.00086.png,metal
data\spectrograms\metal\metal.00087.png,metal
data\spectrograms\metal\metal.00087.png,metal
data\spectrograms\metal\metal.00088.png,metal
data\spectrograms\metal\metal.00088.png,metal
data\spectrograms\metal\metal.00089.png,metal
data\spectrograms\metal\metal.00089.png,metal
data\spectrograms\metal\metal.00090.png,metal
data\spectrograms\metal\metal.00090.png,metal
data\spectrograms\metal\metal.00091.png,metal
data\spectrograms\metal\metal.00091.png,metal
data\spectrograms\metal\metal.00092.png,metal
data\spectrograms\metal\metal.00092.png,metal
data\spectrograms\metal\metal.00093.png,metal
data\spectrograms\metal\metal.00093.png,metal
data\spectrograms\metal\metal.00094.png,metal
data\spectrograms\metal\metal.00094.png,metal
data\spectrograms\metal\metal.00095.png,metal
data\spectrograms\metal\metal.00095.png,metal
data\spectrograms\metal\metal.00096.png,metal
data\spectrograms\metal\metal.00096.png,metal
data\spectrograms\metal\metal.00097.png,metal
data\spectrograms\metal\metal.00097.png,metal
data\spectrograms\metal\metal.00098.png,metal
data\spectrograms\metal\metal.00098.png,metal
data\spectrograms\metal\metal.00099.png,metal
data\spectrograms\metal\metal.00099.png,metal
data\spectrograms\pop\pop.00000.png,pop
data\spectrograms\pop\pop.00000.png,pop
data\spectrograms\pop\pop.00001.png,pop
data\spectrograms\pop\pop.00001.png,pop
data\spectrograms\pop\pop.00002.png,pop
data\spectrograms\pop\pop.00002.png,pop
data\spectrograms\pop\pop.00003.png,pop
data\spectrograms\pop\pop.00003.png,pop
data\spectrograms\pop\pop.00004.png,pop
data\spectrograms\pop\pop.00004.png,pop
data\spectrograms\pop\pop.00005.png,pop
data\spectrograms\pop\pop.00005.png,pop
data\spectrograms\pop\pop.00006.png,pop
data\spectrograms\pop\pop.00006.png,pop
data\spectrograms\pop\pop.00007.png,pop
data\spectrograms\pop\pop.00007.png,pop
data\spectrograms\pop\pop.00008.png,pop
data\spectrograms\pop\pop.00008.png,pop
data\spectrograms\pop\pop.00009.png,pop
data\spectrograms\pop\pop.00009.png,pop
data\spectrograms\pop\pop.00010.png,pop
data\spectrograms\pop\pop.00010.png,pop
data\spectrograms\pop\pop.00011.png,pop
data\spectrograms\pop\pop.00011.png,pop
data\spectrograms\pop\pop.00012.png,pop
data\spectrograms\pop\pop.00012.png,pop
data\spectrograms\pop\pop.00013.png,pop
data\spectrograms\pop\pop.00013.png,pop
data\spectrograms\pop\pop.00014.png,pop
data\spectrograms\pop\pop.00014.png,pop
data\spectrograms\pop\pop.00015.png,pop
data\spectrograms\pop\pop.00015.png,pop
data\spectrograms\pop\pop.00016.png,pop
data\spectrograms\pop\pop.00016.png,pop
data\spectrograms\pop\pop.00017.png,pop
data\spectrograms\pop\pop.00017.png,pop
data\spectrograms\pop\pop.00018.png,pop
data\spectrograms\pop\pop.00018.png,pop
data\spectrograms\pop\pop.00019.png,pop
data\spectrograms\pop\pop.00019.png,pop
data\spectrograms\pop\pop.00020.png,pop
data\spectrograms\pop\pop.00020.png,pop
data\spectrograms\pop\pop.00021.png,pop
data\spectrograms\pop\pop.00021.png,pop
data\spectrograms\pop\pop.00022.png,pop
data\spectrograms\pop\pop.00022.png,pop
data\spectrograms\pop\pop.00023.png,pop
data\spectrograms\pop\pop.00023.png,pop
data\spectrograms\pop\pop.00024.png,pop
data\spectrograms\pop\pop.00024.png,pop
data\spectrograms\pop\pop.00025.png,pop
data\spectrograms\pop\pop.00025.png,pop
data\spectrograms\pop\pop.00026.png,pop
data\spectrograms\pop\pop.00026.png,pop
data\spectrograms\pop\pop.00027.png,pop
data\spectrograms\pop\pop.00027.png,pop
data\spectrograms\pop\pop.00028.png,pop
data\spectrograms\pop\pop.00028.png,pop
data\spectrograms\pop\pop.00029.png,pop
data\spectrograms\pop\pop.00029.png,pop
data\spectrograms\pop\pop.00030.png,pop
data\spectrograms\pop\pop.00030.png,pop
data\spectrograms\pop\pop.00031.png,pop
data\spectrograms\pop\pop.00031.png,pop
data\spectrograms\pop\pop.00032.png,pop
data\spectrograms\pop\pop.00032.png,pop
data\spectrograms\pop\pop.00033.png,pop
data\spectrograms\pop\pop.00033.png,pop
data\spectrograms\pop\pop.00034.png,pop
data\spectrograms\pop\pop.00034.png,pop
data\spectrograms\pop\pop.00035.png,pop
data\spectrograms\pop\pop.00035.png,pop
data\spectrograms\pop\pop.00036.png,pop
data\spectrograms\pop\pop.00036.png,pop
data\spectrograms\pop\pop.00037.png,pop
data\spectrograms\pop\pop.00037.png,pop
data\spectrograms\pop\pop.00038.png,pop
data\spectrograms\pop\pop.00038.png,pop
data\spectrograms\pop\pop.00039.png,pop
data\spectrograms\pop\pop.00039.png,pop
data\spectrograms\pop\pop.00040.png,pop
data\spectrograms\pop\pop.00040.png,pop
data\spectrograms\pop\pop.00041.png,pop
data\spectrograms\pop\pop.00041.png,pop
data\spectrograms\pop\pop.00042.png,pop
data\spectrograms\pop\pop.00042.png,pop
data\spectrograms\pop\pop.00043.png,pop
data\spectrograms\pop\pop.00043.png,pop
data\spectrograms\pop\pop.00044.png,pop
data\spectrograms\pop\pop.00044.png,pop
data\spectrograms\pop\pop.00045.png,pop
data\spectrograms\pop\pop.00045.png,pop
data\spectrograms\pop\pop.00046.png,pop
data\spectrograms\pop\pop.00046.png,pop
data\spectrograms\pop\pop.00047.png,pop
data\spectrograms\pop\pop.00047.png,pop
data\spectrograms\pop\pop.00048.png,pop
data\spectrograms\pop\pop.00048.png,pop
data\spectrograms\pop\pop.00049.png,pop
data\spectrograms\pop\pop.00049.png,pop
data\spectrograms\pop\pop.00050.png,pop
data\spectrograms\pop\pop.00050.png,pop
data\spectrograms\pop\pop.00051.png,pop
data\spectrograms\pop\pop.00051.png,pop
data\spectrograms\pop\pop.00052.png,pop
data\spectrograms\pop\pop.00052.png,pop
data\spectrograms\pop\pop.00053.png,pop
data\spectrograms\pop\pop.00053.png,pop
data\spectrograms\pop\pop.00054.png,pop
data\spectrograms\pop\pop.00054.png,pop
data\spectrograms\pop\pop.00055.png,pop
data\spectrograms\pop\pop.00055.png,pop
data\spectrograms\pop\pop.00056.png,pop
data\spectrograms\pop\pop.00056.png,pop
data\spectrograms\pop\pop.00057.png,pop
data\spectrograms\pop\pop.00057.png,pop
data\spectrograms\pop\pop.00058.png,pop
data\spectrograms\pop\pop.00058.png,pop
data\spectrograms\pop\pop.00059.png,pop
data\spectrograms\pop\pop.00059.png,pop
data\spectrograms\pop\pop.00060.png,pop
data\spectrograms\pop\pop.00060.png,pop
data\spectrograms\pop\pop.00061.png,pop
data\spectrograms\pop\pop.00061.png,pop
data\spectrograms\pop\pop.00062.png,pop
data\spectrograms\pop\pop.00062.png,pop
data\spectrograms\pop\pop.00063.png,pop
data\spectrograms\pop\pop.00063.png,pop
data\spectrograms\pop\pop.00064.png,pop
data\spectrograms\pop\pop.00064.png,pop
data\spectrograms\pop\pop.00065.png,pop
data\spectrograms\pop\pop.00065.png,pop
data\spectrograms\pop\pop.00066.png,pop
data\spectrograms\pop\pop.00066.png,pop
data\spectrograms\pop\pop.00067.png,pop
data\spectrograms\pop\pop.00067.png,pop
data\spectrograms\pop\pop.00068.png,pop
data\spectrograms\pop\pop.00068.png,pop
data\spectrograms\pop\pop.00069.png,pop
data\spectrograms\pop\pop.00069.png,pop
data\spectrograms\pop\pop.00070.png,pop
data\spectrograms\pop\pop.00070.png,pop
data\spectrograms\pop\pop.00071.png,pop
data\spectrograms\pop\pop.00071.png,pop
data\spectrograms\pop\pop.00072.png,pop
data\spectrograms\pop\pop.00072.png,pop
data\spectrograms\pop\pop.00073.png,pop
data\spectrograms\pop\pop.00073.png,pop
data\spectrograms\pop\pop.00074.png,pop
data\spectrograms\pop\pop.00074.png,pop
data\spectrograms\pop\pop.00075.png,pop
data\spectrograms\pop\pop.00075.png,pop
data\spectrograms\pop\pop.00076.png,pop
data\spectrograms\pop\pop.00076.png,pop
data\spectrograms\pop\pop.00077.png,pop
data\spectrograms\pop\pop.00077.png,pop
data\spectrograms\pop\pop.00078.png,pop
data\spectrograms\pop\pop.00078.png,pop
data\spectrograms\pop\pop.00079.png,pop
data\spectrograms\pop\pop.00079.png,pop
data\spectrograms\pop\pop.00080.png,pop
data\spectrograms\pop\pop.00080.png,pop
data\spectrograms\pop\pop.00081.png,pop
data\spectrograms\pop\pop.00081.png,pop
data\spectrograms\pop\pop.00082.png,pop
data\spectrograms\pop\pop.00082.png,pop
data\spectrograms\pop\pop.00083.png,pop
data\spectrograms\pop\pop.00083.png,pop
data\spectrograms\pop\pop.00084.png,pop
data\spectrograms\pop\pop.00084.png,pop
data\spectrograms\pop\pop.00085.png,pop
data\spectrograms\pop\pop.00085.png,pop
data\spectrograms\pop\pop.00086.png,pop
data\spectrograms\pop\pop.00086.png,pop
data\spectrograms\pop\pop.00087.png,pop
data\spectrograms\pop\pop.00087.png,pop
data\spectrograms\pop\pop.00088.png,pop
data\spectrograms\pop\pop.00088.png,pop
data\spectrograms\pop\pop.00089.png,pop
data\spectrograms\pop\pop.00089.png,pop
data\spectrograms\pop\pop.00090.png,pop
data\spectrograms\pop\pop.00090.png,pop
data\spectrograms\pop\pop.00091.png,pop
data\spectrograms\pop\pop.00091.png,pop
data\spectrograms\pop\pop.00092.png,pop
data\spectrograms\pop\pop.00092.png,pop
data\spectrograms\pop\pop.00093.png,pop
data\spectrograms\pop\pop.00093.png,pop
data\spectrograms\pop\pop.00094.png,pop
data\spectrograms\pop\pop.00094.png,pop
data\spectrograms\pop\pop.00095.png,pop
data\spectrograms\pop\pop.00095.png,pop
data\spectrograms\pop\pop.00096.png,pop
data\spectrograms\pop\pop.00096.png,pop
data\spectrograms\pop\pop.00097.png,pop
data\spectrograms\pop\pop.00097.png,pop
data\spectrograms\pop\pop.00098.png,pop
data\spectrograms\pop\pop.00098.png,pop
data\spectrograms\pop\pop.00099.png,pop
data\spectrograms\pop\pop.00099.png,pop
data\spectrograms\reggae\reggae.00000.png,reggae
data\spectrograms\reggae\reggae.00000.png,reggae
data\spectrograms\reggae\reggae.00001.png,reggae
data\spectrograms\reggae\reggae.00001.png,reggae
data\spectrograms\reggae\reggae.00002.png,reggae
data\spectrograms\reggae\reggae.00002.png,reggae
data\spectrograms\reggae\reggae.00003.png,reggae
data\spectrograms\reggae\reggae.00003.png,reggae
data\spectrograms\reggae\reggae.00004.png,reggae
data\spectrograms\reggae\reggae.00004.png,reggae
data\spectrograms\reggae\reggae.00005.png,reggae
data\spectrograms\reggae\reggae.00005.png,reggae
data\spectrograms\reggae\reggae.00006.png,reggae
data\spectrograms\reggae\reggae.00006.png,reggae
data\spectrograms\reggae\reggae.00007.png,reggae
data\spectrograms\reggae\reggae.00007.png,reggae
data\spectrograms\reggae\reggae.00008.png,reggae
data\spectrograms\reggae\reggae.00008.png,reggae
data\spectrograms\reggae\reggae.00009.png,reggae
data\spectrograms\reggae\reggae.00009.png,reggae
data\spectrograms\reggae\reggae.00010.png,reggae
data\spectrograms\reggae\reggae.00010.png,reggae
data\spectrograms\reggae\reggae.00011.png,reggae
data\spectrograms\reggae\reggae.00011.png,reggae
data\spectrograms\reggae\reggae.00012.png,reggae
data\spectrograms\reggae\reggae.00012.png,reggae
data\spectrograms\reggae\reggae.00013.png,reggae
data\spectrograms\reggae\reggae.00013.png,reggae
data\spectrograms\reggae\reggae.00014.png,reggae
data\spectrograms\reggae\reggae.00014.png,reggae
data\spectrograms\reggae\reggae.00015.png,reggae
data\spectrograms\reggae\reggae.00015.png,reggae
data\spectrograms\reggae\reggae.00016.png,reggae
data\spectrograms\reggae\reggae.00016.png,reggae
data\spectrograms\reggae\reggae.00017.png,reggae
data\spectrograms\reggae\reggae.00017.png,reggae
data\spectrograms\reggae\reggae.00018.png,reggae
data\spectrograms\reggae\reggae.00018.png,reggae
data\spectrograms\reggae\reggae.00019.png,reggae
data\spectrograms\reggae\reggae.00019.png,reggae
data\spectrograms\reggae\reggae.00020.png,reggae
data\spectrograms\reggae\reggae.00020.png,reggae
data\spectrograms\reggae\reggae.00021.png,reggae
data\spectrograms\reggae\reggae.00021.png,reggae
data\spectrograms\reggae\reggae.00022.png,reggae
data\spectrograms\reggae\reggae.00022.png,reggae
data\spectrograms\reggae\reggae.00023.png,reggae
data\spectrograms\reggae\reggae.00023.png,reggae
data\spectrograms\reggae\reggae.00024.png,reggae
data\spectrograms\reggae\reggae.00024.png,reggae
data\spectrograms\reggae\reggae.00025.png,reggae
data\spectrograms\reggae\reggae.00025.png,reggae
data\spectrograms\reggae\reggae.00026.png,reggae
data\spectrograms\reggae\reggae.00026.png,reggae
data\spectrograms\reggae\reggae.00027.png,reggae
data\spectrograms\reggae\reggae.00027.png,reggae
data\spectrograms\reggae\reggae.00028.png,reggae
data\spectrograms\reggae\reggae.00028.png,reggae
data\spectrograms\reggae\reggae.00029.png,reggae
data\spectrograms\reggae\reggae.00029.png,reggae
data\spectrograms\reggae\reggae.00030.png,reggae
data\spectrograms\reggae\reggae.00030.png,reggae
data\spectrograms\reggae\reggae.00031.png,reggae
data\spectrograms\reggae\reggae.00031.png,reggae
data\spectrograms\reggae\reggae.00032.png,reggae
data\spectrograms\reggae\reggae.00032.png,reggae
data\spectrograms\reggae\reggae.00033.png,reggae
data\spectrograms\reggae\reggae.00033.png,reggae
data\spectrograms\reggae\reggae.00034.png,reggae
data\spectrograms\reggae\reggae.00034.png,reggae
data\spectrograms\reggae\reggae.00035.png,reggae
data\spectrograms\reggae\reggae.00035.png,reggae
data\spectrograms\reggae\reggae.00036.png,reggae
data\spectrograms\reggae\reggae.00036.png,reggae
data\spectrograms\reggae\reggae.00037.png,reggae
data\spectrograms\reggae\reggae.00037.png,reggae
data\spectrograms\reggae\reggae.00038.png,reggae
data\spectrograms\reggae\reggae.00038.png,reggae
data\spectrograms\reggae\reggae.00039.png,reggae
data\spectrograms\reggae\reggae.00039.png,reggae
data\spectrograms\reggae\reggae.00040.png,reggae
data\spectrograms\reggae\reggae.00040.png,reggae
data\spectrograms\reggae\reggae.00041.png,reggae
data\spectrograms\reggae\reggae.00041.png,reggae
data\spectrograms\reggae\reggae.00042.png,reggae
data\spectrograms\reggae\reggae.00042.png,reggae
data\spectrograms\reggae\reggae.00043.png,reggae
data\spectrograms\reggae\reggae.00043.png,reggae
data\spectrograms\reggae\reggae.00044.png,reggae
data\spectrograms\reggae\reggae.00044.png,reggae
data\spectrograms\reggae\reggae.00045.png,reggae
data\spectrograms\reggae\reggae.00045.png,reggae
data\spectrograms\reggae\reggae.00046.png,reggae
data\spectrograms\reggae\reggae.00046.png,reggae
data\spectrograms\reggae\reggae.00047.png,reggae
data\spectrograms\reggae\reggae.00047.png,reggae
data\spectrograms\reggae\reggae.00048.png,reggae
data\spectrograms\reggae\reggae.00048.png,reggae
data\spectrograms\reggae\reggae.00049.png,reggae
data\spectrograms\reggae\reggae.00049.png,reggae
data\spectrograms\reggae\reggae.00050.png,reggae
data\spectrograms\reggae\reggae.00050.png,reggae
data\spectrograms\reggae\reggae.00051.png,reggae
data\spectrograms\reggae\reggae.00051.png,reggae
data\spectrograms\reggae\reggae.00052.png,reggae
data\spectrograms\reggae\reggae.00052.png,reggae
data\spectrograms\reggae\reggae.00053.png,reggae
data\spectrograms\reggae\reggae.00053.png,reggae
data\spectrograms\reggae\reggae.00054.png,reggae
data\spectrograms\reggae\reggae.00054.png,reggae
data\spectrograms\reggae\reggae.00055.png,reggae
data\spectrograms\reggae\reggae.00055.png,reggae
data\spectrograms\reggae\reggae.00056.png,reggae
data\spectrograms\reggae\reggae.00056.png,reggae
data\spectrograms\reggae\reggae.00057.png,reggae
data\spectrograms\reggae\reggae.00057.png,reggae
data\spectrograms\reggae\reggae.00058.png,reggae
data\spectrograms\reggae\reggae.00058.png,reggae
data\spectrograms\reggae\reggae.00059.png,reggae
data\spectrograms\reggae\reggae.00059.png,reggae
data\spectrograms\reggae\reggae.00060.png,reggae
data\spectrograms\reggae\reggae.00060.png,reggae
data\spectrograms\reggae\reggae.00061.png,reggae
data\spectrograms\reggae\reggae.00061.png,reggae
data\spectrograms\reggae\reggae.00062.png,reggae
data\spectrograms\reggae\reggae.00062.png,reggae
data\spectrograms\reggae\reggae.00063.png,reggae
data\spectrograms\reggae\reggae.00063.png,reggae
data\spectrograms\reggae\reggae.00064.png,reggae
data\spectrograms\reggae\reggae.00064.png,reggae
data\spectrograms\reggae\reggae.00065.png,reggae
data\spectrograms\reggae\reggae.00065.png,reggae
data\spectrograms\reggae\reggae.00066.png,reggae
data\spectrograms\reggae\reggae.00066.png,reggae
data\spectrograms\reggae\reggae.00067.png,reggae
data\spectrograms\reggae\reggae.00067.png,reggae
data\spectrograms\reggae\reggae.00068.png,reggae
data\spectrograms\reggae\reggae.00068.png,reggae
data\spectrograms\reggae\reggae.00069.png,reggae
data\spectrograms\reggae\reggae.00069.png,reggae
data\spectrograms\reggae\reggae.00070.png,reggae
data\spectrograms\reggae\reggae.00070.png,reggae
data\spectrograms\reggae\reggae.00071.png,reggae
data\spectrograms\reggae\reggae.00071.png,reggae
data\spectrograms\reggae\reggae.00072.png,reggae
data\spectrograms\reggae\reggae.00072.png,reggae
data\spectrograms\reggae\reggae.00073.png,reggae
data\spectrograms\reggae\reggae.00073.png,reggae
data\spectrograms\reggae\reggae.00074.png,reggae
data\spectrograms\reggae\reggae.00074.png,reggae
data\spectrograms\reggae\reggae.00075.png,reggae
data\spectrograms\reggae\reggae.00075.png,reggae
data\spectrograms\reggae\reggae.00076.png,reggae
data\spectrograms\reggae\reggae.00076.png,reggae
data\spectrograms\reggae\reggae.00077.png,reggae
data\spectrograms\reggae\reggae.00077.png,reggae
data\spectrograms\reggae\reggae.00078.png,reggae
data\spectrograms\reggae\reggae.00078.png,reggae
data\spectrograms\reggae\reggae.00079.png,reggae
data\spectrograms\reggae\reggae.00079.png,reggae
data\spectrograms\reggae\reggae.00080.png,reggae
data\spectrograms\reggae\reggae.00080.png,reggae
data\spectrograms\reggae\reggae.00081.png,reggae
data\spectrograms\reggae\reggae.00081.png,reggae
data\spectrograms\reggae\reggae.00082.png,reggae
data\spectrograms\reggae\reggae.00082.png,reggae
data\spectrograms\reggae\reggae.00083.png,reggae
data\spectrograms\reggae\reggae.00083.png,reggae
data\spectrograms\reggae\reggae.00084.png,reggae
data\spectrograms\reggae\reggae.00084.png,reggae
data\spectrograms\reggae\reggae.00085.png,reggae
data\spectrograms\reggae\reggae.00085.png,reggae
data\spectrograms\reggae\reggae.00086.png,reggae
data\spectrograms\reggae\reggae.00086.png,reggae
data\spectrograms\reggae\reggae.00087.png,reggae
data\spectrograms\reggae\reggae.00087.png,reggae
data\spectrograms\reggae\reggae.00088.png,reggae
data\spectrograms\reggae\reggae.00088.png,reggae
data\spectrograms\reggae\reggae.00089.png,reggae
data\spectrograms\reggae\reggae.00089.png,reggae
data\spectrograms\reggae\reggae.00090.png,reggae
data\spectrograms\reggae\reggae.00090.png,reggae
data\spectrograms\reggae\reggae.00091.png,reggae
data\spectrograms\reggae\reggae.00091.png,reggae
data\spectrograms\reggae\reggae.00092.png,reggae
data\spectrograms\reggae\reggae.00092.png,reggae
data\spectrograms\reggae\reggae.00093.png,reggae
data\spectrograms\reggae\reggae.00093.png,reggae
data\spectrograms\reggae\reggae.00094.png,reggae
data\spectrograms\reggae\reggae.00094.png,reggae
data\spectrograms\reggae\reggae.00095.png,reggae
data\spectrograms\reggae\reggae.00095.png,reggae
data\spectrograms\reggae\reggae.00096.png,reggae
data\spectrograms\reggae\reggae.00096.png,reggae
data\spectrograms\reggae\reggae.00097.png,reggae
data\spectrograms\reggae\reggae.00097.png,reggae
data\spectrograms\reggae\reggae.00098.png,reggae
data\spectrograms\reggae\reggae.00098.png,reggae
data\spectrograms\reggae\reggae.00099.png,reggae
data\spectrograms\reggae\reggae.00099.png,reggae
data\spectrograms\rock\rock.00000.png,rock
data\spectrograms\rock\rock.00000.png,rock
data\spectrograms\rock\rock.00001.png,rock
data\spectrograms\rock\rock.00001.png,rock
data\spectrograms\rock\rock.00002.png,rock
data\spectrograms\rock\rock.00002.png,rock
data\spectrograms\rock\rock.00003.png,rock
data\spectrograms\rock\rock.00003.png,rock
data\spectrograms\rock\rock.00004.png,rock
data\spectrograms\rock\rock.00004.png,rock
data\spectrograms\rock\rock.00005.png,rock
data\spectrograms\rock\rock.00005.png,rock
data\spectrograms\rock\rock.00006.png,rock
data\spectrograms\rock\rock.00006.png,rock
data\spectrograms\rock\rock.00007.png,rock
data\spectrograms\rock\rock.00007.png,rock
data\spectrograms\rock\rock.00008.png,rock
data\spectrograms\rock\rock.00008.png,rock
data\spectrograms\rock\rock.00009.png,rock
data\spectrograms\rock\rock.00009.png,rock
data\spectrograms\rock\rock.00010.png,rock
data\spectrograms\rock\rock.00010.png,rock
data\spectrograms\rock\rock.00011.png,rock
data\spectrograms\rock\rock.00011.png,rock
data\spectrograms\rock\rock.00012.png,rock
data\spectrograms\rock\rock.00012.png,rock
data\spectrograms\rock\rock.00013.png,rock
data\spectrograms\rock\rock.00013.png,rock
data\spectrograms\rock\rock.00014.png,rock
data\spectrograms\rock\rock.00014.png,rock
data\spectrograms\rock\rock.00015.png,rock
data\spectrograms\rock\rock.00015.png,rock
data\spectrograms\rock\rock.00016.png,rock
data\spectrograms\rock\rock.00016.png,rock
data\spectrograms\rock\rock.00017.png,rock
data\spectrograms\rock\rock.00017.png,rock
data\spectrograms\rock\rock.00018.png,rock
data\spectrograms\rock\rock.00018.png,rock
data\spectrograms\rock\rock.00019.png,rock
data\spectrograms\rock\rock.00019.png,rock
data\spectrograms\rock\rock.00020.png,rock
data\spectrograms\rock\rock.00020.png,rock
data\spectrograms\rock\rock.00021.png,rock
data\spectrograms\rock\rock.00021.png,rock
data\spectrograms\rock\rock.00022.png,rock
data\spectrograms\rock\rock.00022.png,rock
data\spectrograms\rock\rock.00023.png,rock
data\spectrograms\rock\rock.00023.png,rock
data\spectrograms\rock\rock.00024.png,rock
data\spectrograms\rock\rock.00024.png,rock
data\spectrograms\rock\rock.00025.png,rock
data\spectrograms\rock\rock.00025.png,rock
data\spectrograms\rock\rock.00026.png,rock
data\spectrograms\rock\rock.00026.png,rock
data\spectrograms\rock\rock.00027.png,rock
data\spectrograms\rock\rock.00027.png,rock
data\spectrograms\rock\rock.00028.png,rock
data\spectrograms\rock\rock.00028.png,rock
data\spectrograms\rock\rock.00029.png,rock
data\spectrograms\rock\rock.00029.png,rock
data\spectrograms\rock\rock.00030.png,rock
data\spectrograms\rock\rock.00030.png,rock
data\spectrograms\rock\rock.00031.png,rock
data\spectrograms\rock\rock.00031.png,rock
data\spectrograms\rock\rock.00032.png,rock
data\spectrograms\rock\rock.00032.png,rock
data\spectrograms\rock\rock.00033.png,rock
data\spectrograms\rock\rock.00033.png,rock
data\spectrograms\rock\rock.00034.png,rock
data\spectrograms\rock\rock.00034.png,rock
data\spectrograms\rock\rock.00035.png,rock
data\spectrograms\rock\rock.00035.png,rock
data\spectrograms\rock\rock.00036.png,rock
data\spectrograms\rock\rock.00036.png,rock
data\spectrograms\rock\rock.00037.png,rock
data\spectrograms\rock\rock.00037.png,rock
data\spectrograms\rock\rock.00038.png,rock
data\spectrograms\rock\rock.00038.png,rock
data\spectrograms\rock\rock.00039.png,rock
data\spectrograms\rock\rock.00039.png,rock
data\spectrograms\rock\rock.00040.png,rock
data\spectrograms\rock\rock.00040.png,rock
data\spectrograms\rock\rock.00041.png,rock
data\spectrograms\rock\rock.00041.png,rock
data\spectrograms\rock\rock.00042.png,rock
data\spectrograms\rock\rock.00042.png,rock
data\spectrograms\rock\rock.00043.png,rock
data\spectrograms\rock\rock.00043.png,rock
data\spectrograms\rock\rock.00044.png,rock
data\spectrograms\rock\rock.00044.png,rock
data\spectrograms\rock\rock.00045.png,rock
data\spectrograms\rock\rock.00045.png,rock
data\spectrograms\rock\rock.00046.png,rock
data\spectrograms\rock\rock.00046.png,rock
data\spectrograms\rock\rock.00047.png,rock
data\spectrograms\rock\rock.00047.png,rock
data\spectrograms\rock\rock.00048.png,rock
data\spectrograms\rock\rock.00048.png,rock
data\spectrograms\rock\rock.00049.png,rock
data\spectrograms\rock\rock.00049.png,rock
data\spectrograms\rock\rock.00050.png,rock
data\spectrograms\rock\rock.00050.png,rock
data\spectrograms\rock\rock.00051.png,rock
data\spectrograms\rock\rock.00051.png,rock
data\spectrograms\rock\rock.00052.png,rock
data\spectrograms\rock\rock.00052.png,rock
data\spectrograms\rock\rock.00053.png,rock
data\spectrograms\rock\rock.00053.png,rock
data\spectrograms\rock\rock.00054.png,rock
data\spectrograms\rock\rock.00054.png,rock
data\spectrograms\rock\rock.00055.png,rock
data\spectrograms\rock\rock.00055.png,rock
data\spectrograms\rock\rock.00056.png,rock
data\spectrograms\rock\rock.00056.png,rock
data\spectrograms\rock\rock.00057.png,rock
data\spectrograms\rock\rock.00057.png,rock
data\spectrograms\rock\rock.00058.png,rock
data\spectrograms\rock\rock.00058.png,rock
data\spectrograms\rock\rock.00059.png,rock
data\spectrograms\rock\rock.00059.png,rock
data\spectrograms\rock\rock.00060.png,rock
data\spectrograms\rock\rock.00060.png,rock
data\spectrograms\rock\rock.00061.png,rock
data\spectrograms\rock\rock.00061.png,rock
data\spectrograms\rock\rock.00062.png,rock
data\spectrograms\rock\rock.00062.png,rock
data\spectrograms\rock\rock.00063.png,rock
data\spectrograms\rock\rock.00063.png,rock
data\spectrograms\rock\rock.00064.png,rock
data\spectrograms\rock\rock.00064.png,rock
data\spectrograms\rock\rock.00065.png,rock
data\spectrograms\rock\rock.00065.png,rock
data\spectrograms\rock\rock.00066.png,rock
data\spectrograms\rock\rock.00066.png,rock
data\spectrograms\rock\rock.00067.png,rock
data\spectrograms\rock\rock.00067.png,rock
data\spectrograms\rock\rock.00068.png,rock
data\spectrograms\rock\rock.00068.png,rock
data\spectrograms\rock\rock.00069.png,rock
data\spectrograms\rock\rock.00069.png,rock
data\spectrograms\rock\rock.00070.png,rock
data\spectrograms\rock\rock.00070.png,rock
data\spectrograms\rock\rock.00071.png,rock
data\spectrograms\rock\rock.00071.png,rock
data\spectrograms\rock\rock.00072.png,rock
data\spectrograms\rock\rock.00072.png,rock
data\spectrograms\rock\rock.00073.png,rock
data\spectrograms\rock\rock.00073.png,rock
data\spectrograms\rock\rock.00074.png,rock
data\spectrograms\rock\rock.00074.png,rock
data\spectrograms\rock\rock.00075.png,rock
data\spectrograms\rock\rock.00075.png,rock
data\spectrograms\rock\rock.00076.png,rock
data\spectrograms\rock\rock.00076.png,rock
data\spectrograms\rock\rock.00077.png,rock
data\spectrograms\rock\rock.00077.png,rock
data\spectrograms\rock\rock.00078.png,rock
data\spectrograms\rock\rock.00078.png,rock
data\spectrograms\rock\rock.00079.png,rock
data\spectrograms\rock\rock.00079.png,rock
data\spectrograms\rock\rock.00080.png,rock
data\spectrograms\rock\rock.00080.png,rock
data\spectrograms\rock\rock.00081.png,rock
data\spectrograms\rock\rock.00081.png,rock
data\spectrograms\rock\rock.00082.png,rock
data\spectrograms\rock\rock.00082.png,rock
data\spectrograms\rock\rock.00083.png,rock
data\spectrograms\rock\rock.00083.png,rock
data\spectrograms\rock\rock.00084.png,rock
data\spectrograms\rock\rock.00084.png,rock
data\spectrograms\rock\rock.00085.png,rock
data\spectrograms\rock\rock.00085.png,rock
data\spectrograms\rock\rock.00086.png,rock
data\spectrograms\rock\rock.00086.png,rock
data\spectrograms\rock\rock.00087.png,rock
data\spectrograms\rock\rock.00087.png,rock
data\spectrograms\rock\rock.00088.png,rock
data\spectrograms\rock\rock.00088.png,rock
data\spectrograms\rock\rock.00089.png,rock
data\spectrograms\rock\rock.00089.png,rock
data\spectrograms\rock\rock.00090.png,rock
data\spectrograms\rock\rock.00090.png,rock
data\spectrograms\rock\rock.00091.png,rock
data\spectrograms\rock\rock.00091.png,rock
data\spectrograms\rock\rock.00092.png,rock
data\spectrograms\rock\rock.00092.png,rock
data\spectrograms\rock\rock.00093.png,rock
data\spectrograms\rock\rock.00093.png,rock
data\spectrograms\rock\rock.00094.png,rock
data\spectrograms\rock\rock.00094.png,rock
data\spectrograms\rock\rock.00095.png,rock
data\spectrograms\rock\rock.00095.png,rock
data\spectrograms\rock\rock.00096.png,rock
data\spectrograms\rock\rock.00096.png,rock
data\spectrograms\rock\rock.00097.png,rock
data\spectrograms\rock\rock.00097.png,rock
data\spectrograms\rock\rock.00098.png,rock
data\spectrograms\rock\rock.00098.png,rock
data\spectrograms\rock\rock.00099.png,rock
data\spectrograms\rock\rock.00099.png,rock
